/*
SQLyog 企业版 - MySQL GUI v8.14 
MySQL - 5.7.20-log : Database - ele-admin
*********************************************************************
*/

/*!40101 SET NAMES utf8 */;

/*!40101 SET SQL_MODE=''*/;

/*!40014 SET @OLD_UNIQUE_CHECKS=@@UNIQUE_CHECKS, UNIQUE_CHECKS=0 */;
/*!40014 SET @OLD_FOREIGN_KEY_CHECKS=@@FOREIGN_KEY_CHECKS, FOREIGN_KEY_CHECKS=0 */;
/*!40101 SET @OLD_SQL_MODE=@@SQL_MODE, SQL_MODE='NO_AUTO_VALUE_ON_ZERO' */;
/*!40111 SET @OLD_SQL_NOTES=@@SQL_NOTES, SQL_NOTES=0 */;
CREATE DATABASE /*!32312 IF NOT EXISTS*/`ele-admin` /*!40100 DEFAULT CHARACTER SET utf8 */;

USE `ele-admin`;

/*Table structure for table `sys_dept` */

DROP TABLE IF EXISTS `sys_dept`;

CREATE TABLE `sys_dept` (
  `id` varchar(50) NOT NULL COMMENT '主键',
  `deptName` varchar(100) NOT NULL COMMENT '部门名称',
  `deptDesc` varchar(300) DEFAULT NULL COMMENT '描述',
  PRIMARY KEY (`id`)
) ENGINE=InnoDB DEFAULT CHARSET=utf8 COMMENT='部门表';

/*Data for the table `sys_dept` */

insert  into `sys_dept`(`id`,`deptName`,`deptDesc`) values ('15234e8bceb949bf89b1cbe8239c07f6','产品部','xxx');

/*Table structure for table `sys_log` */

DROP TABLE IF EXISTS `sys_log`;

CREATE TABLE `sys_log` (
  `id` varchar(50) NOT NULL COMMENT '主键',
  `userName` varchar(50) NOT NULL COMMENT '用户',
  `title` varchar(300) DEFAULT NULL COMMENT '日志',
  `url` text COMMENT '地址',
  `params` text COMMENT '参数',
  `createTime` datetime DEFAULT NULL COMMENT '日志时间',
  `method` varchar(50) DEFAULT NULL COMMENT '请求方式',
  `ip` varchar(50) DEFAULT NULL COMMENT '客户端IP',
  PRIMARY KEY (`id`)
) ENGINE=InnoDB DEFAULT CHARSET=utf8 COMMENT='日志表';

/*Data for the table `sys_log` */

insert  into `sys_log`(`id`,`userName`,`title`,`url`,`params`,`createTime`,`method`,`ip`) values ('006986c99029445b910736ecd0e0f617','admin','编辑菜单','/ele-admin-api/sys/menu/edit?id=3&menuName=%E8%A7%92%E8%89%B2%E7%AE%A1%E7%90%86&pid=1&url=%2Fsystem%2Frole%2Flist%2F1&icon=fa-users&sort=2&deep=2&code=0102&resource=role&userStatus=0','{\"deep\":[\"2\"],\"code\":[\"0102\"],\"userStatus\":[\"0\"],\"resource\":[\"role\"],\"icon\":[\"fa-users\"],\"menuName\":[\"角色管理\"],\"pid\":[\"1\"],\"id\":[\"3\"],\"sort\":[\"2\"],\"url\":[\"/system/role/list/1\"]}','2018-03-18 00:16:03','PUT','192.168.31.201'),('01aab7e2bfb9436bb252861a9845dc54','admin','编辑角色','/ele-admin-api/sys/role/edit?id=97717411c6bd4200a1643a4aed6d25f2&roleName=ddsfdsdsa&roleDesc=ewqdasdasdasadsa&roleState=1&roleCode=fdsfdsads','{\"roleName\":[\"ddsfdsdsa\"],\"roleDesc\":[\"ewqdasdasdasadsa\"],\"id\":[\"97717411c6bd4200a1643a4aed6d25f2\"],\"roleState\":[\"1\"],\"roleCode\":[\"fdsfdsads\"]}','2018-03-17 22:37:07','PUT','192.168.31.201'),('03c1d1a32d4340b58eba6d2379123e8f','admin','角色分配权限','/ele-admin-api/sys/role/doAuth?roleId=6ca06ac0d8bb4fe9bb26af1d838c6a8c&menuIds[]=2&menuIds[]=d2bc30feb5474a1bb7e02d48d39a3f8a&menuIds[]=a73802e513cc4465883530ec8074abbb&menuIds[]=4253190001c1480fb0d631d64d150535&menuIds[]=649b484b58414d91aefa5a26143e6557','{\"menuIds[]\":[\"2\",\"d2bc30feb5474a1bb7e02d48d39a3f8a\",\"a73802e513cc4465883530ec8074abbb\",\"4253190001c1480fb0d631d64d150535\",\"649b484b58414d91aefa5a26143e6557\"],\"roleId\":[\"6ca06ac0d8bb4fe9bb26af1d838c6a8c\"]}','2018-02-24 22:49:33','POST','192.168.31.201'),('0a130fa48d7b4357b1a16026885fbe60','admin','编辑角色','/ele-admin-api/sys/role/edit?id=482aac67013449478919e2783e0f7dd9&roleName=%E6%96%B9%E5%BC%8Ff&roleDesc=%E5%9C%B0%E6%96%B9%E7%9A%84&roleState=1&roleCode=rgdfsgfdgfd','{\"roleName\":[\"方式f\"],\"roleDesc\":[\"地方的\"],\"id\":[\"482aac67013449478919e2783e0f7dd9\"],\"roleState\":[\"1\"],\"roleCode\":[\"rgdfsgfdgfd\"]}','2018-02-24 22:42:37','PUT','192.168.31.201'),('0b7a22ed3ba14065aae9d46b2a4d5ae3','admin','编辑用户','/ele-admin-api/sys/user/edit?roleIds[]=6ca06ac0d8bb4fe9bb26af1d838c6a8c&userState=0&id=e44d2b9fd2394fba99db1aac8706da74&userName=test&password=&userDesc=xxxtttt&userImg=http:%2F%2Fnews.mydrivers.com%2FImg%2F20110518%2F04481549.png&deptId=15234e8bceb949bf89b1cbe8239c07f6&password2=','{\"password\":[\"\"],\"userImg\":[\"http://news.mydrivers.com/Img/20110518/04481549.png\"],\"userState\":[\"0\"],\"deptId\":[\"15234e8bceb949bf89b1cbe8239c07f6\"],\"userDesc\":[\"xxxtttt\"],\"password2\":[\"\"],\"id\":[\"e44d2b9fd2394fba99db1aac8706da74\"],\"userName\":[\"test\"],\"roleIds[]\":[\"6ca06ac0d8bb4fe9bb26af1d838c6a8c\"]}','2018-02-24 22:45:15','PUT','192.168.31.201'),('0ca05f504ae64e34952b4c17382e6dd8','admin','创建角色','/ele-admin-api/sys/role/add?roleState=1&roleName=ddsfds&roleCode=fdsf&roleDesc=ewqdasdasdas','{\"roleName\":[\"ddsfds\"],\"roleDesc\":[\"ewqdasdasdas\"],\"roleState\":[\"1\"],\"roleCode\":[\"fdsf\"]}','2018-03-17 22:36:57','POST','192.168.31.201'),('0e7f281e24aa4b9ab6dd0e3a750f24ed','admin','角色分配权限','/ele-admin-api/sys/role/doAuth?roleId=6e9923a1a83d4f768d46d6551d4d4d19&menuIds[]=2&menuIds[]=5&menuIds[]=10&menuIds[]=f5a20c82110b4a3ea9e30ca01a038680&menuIds[]=d2bc30feb5474a1bb7e02d48d39a3f8a&menuIds[]=a73802e513cc4465883530ec8074abbb&menuIds[]=4253190001c1480fb0d631d64d150535&menuIds[]=649b484b58414d91aefa5a26143e6557&menuIds[]=5d3dd56c16ff4e32aecae1b3228159c7&menuIds[]=0818e1c76bbd44eba3a698547ec4e637&menuIds[]=915c309ebe5047b68645b3eb777dd8c9&menuIds[]=42dd5ae31e3a43b3a197440e8ec19a94','{\"menuIds[]\":[\"2\",\"5\",\"10\",\"f5a20c82110b4a3ea9e30ca01a038680\",\"d2bc30feb5474a1bb7e02d48d39a3f8a\",\"a73802e513cc4465883530ec8074abbb\",\"4253190001c1480fb0d631d64d150535\",\"649b484b58414d91aefa5a26143e6557\",\"5d3dd56c16ff4e32aecae1b3228159c7\",\"0818e1c76bbd44eba3a698547ec4e637\",\"915c309ebe5047b68645b3eb777dd8c9\",\"42dd5ae31e3a43b3a197440e8ec19a94\"],\"roleId\":[\"6e9923a1a83d4f768d46d6551d4d4d19\"]}','2018-03-18 00:18:12','POST','192.168.31.201'),('135ec833ff3a450bb189892376d049d2','admin','编辑角色','/ele-admin-api/sys/role/edit?id=482aac67013449478919e2783e0f7dd9&roleName=%E6%96%B9%E5%BC%8Ff&roleDesc=%E5%9C%B0%E6%96%B9%E7%9A%84&roleState=1&roleCode=rgdfsgfdgfd','{\"roleName\":[\"方式f\"],\"roleDesc\":[\"地方的\"],\"id\":[\"482aac67013449478919e2783e0f7dd9\"],\"roleState\":[\"1\"],\"roleCode\":[\"rgdfsgfdgfd\"]}','2018-02-02 11:29:42','PUT','192.168.245.1'),('19a70f59a1894392bd2243c3109a245e','admin','编辑用户','/ele-admin-api/sys/user/edit?roleIds[]=6e9923a1a83d4f768d46d6551d4d4d19&roleIds[]=b1f9ce5543a049be9f169a3f5e6b72a8&roleIds[]=482aac67013449478919e2783e0f7dd9&userState=1&id=b5a0647bc90d4d98af23b2a298929c35&userName=fdsfdsfds&password=&userDesc=fsdfdsfds&userImg=http:%2F%2Fnews.mydrivers.com%2FImg%2F20110518%2F04481549.png&password2=','{\"password\":[\"\"],\"userImg\":[\"http://news.mydrivers.com/Img/20110518/04481549.png\"],\"userState\":[\"1\"],\"userDesc\":[\"fsdfdsfds\"],\"password2\":[\"\"],\"id\":[\"b5a0647bc90d4d98af23b2a298929c35\"],\"userName\":[\"fdsfdsfds\"],\"roleIds[]\":[\"6e9923a1a83d4f768d46d6551d4d4d19\",\"b1f9ce5543a049be9f169a3f5e6b72a8\",\"482aac67013449478919e2783e0f7dd9\"]}','2018-03-18 00:16:44','PUT','192.168.31.201'),('1ee61adcf83e4c7cbc3f288a443ecf47','admin','用户登录成功','/ele-admin-api/login/doLogin','','2018-03-18 00:27:22','POST','192.168.31.201'),('2201a8f230d246a18d833226409e16e8','admin','编辑用户','/ele-admin-api/sys/user/edit?roleIds[]=6e9923a1a83d4f768d46d6551d4d4d19&roleIds[]=482aac67013449478919e2783e0f7dd9&roleIds[]=b1f9ce5543a049be9f169a3f5e6b72a8&userState=1&id=b5a0647bc90d4d98af23b2a298929c35&userName=fdsfdsfds&password=&userDesc=fsdfdsfds&userImg=http:%2F%2Fnews.mydrivers.com%2FImg%2F20110518%2F04481549.png&password2=','{\"password\":[\"\"],\"userImg\":[\"http://news.mydrivers.com/Img/20110518/04481549.png\"],\"userState\":[\"1\"],\"userDesc\":[\"fsdfdsfds\"],\"password2\":[\"\"],\"id\":[\"b5a0647bc90d4d98af23b2a298929c35\"],\"userName\":[\"fdsfdsfds\"],\"roleIds[]\":[\"6e9923a1a83d4f768d46d6551d4d4d19\",\"482aac67013449478919e2783e0f7dd9\",\"b1f9ce5543a049be9f169a3f5e6b72a8\"]}','2018-03-17 22:30:51','PUT','192.168.31.201'),('23827aae3a2a4b808848590a8b951821','admin','编辑菜单','/ele-admin-api/sys/menu/edit?id=649b484b58414d91aefa5a26143e6557&menuName=%E5%88%A0%E9%99%A4%E7%94%A8%E6%88%B7&pid=2&sort=3&deep=3&code=010103&resource=deleteUser&userStatus=0','{\"deep\":[\"3\"],\"code\":[\"010103\"],\"userStatus\":[\"0\"],\"resource\":[\"deleteUser\"],\"menuName\":[\"删除用户\"],\"pid\":[\"2\"],\"id\":[\"649b484b58414d91aefa5a26143e6557\"],\"sort\":[\"3\"]}','2018-03-17 23:03:53','PUT','192.168.31.201'),('2df39a71e1dc4a61ab52ef77d5a7a53d','admin','编辑用户','/ele-admin-api/sys/user/edit?userState=0&id=e44d2b9fd2394fba99db1aac8706da74&userName=test&password=&userDesc=xxxtttt&userImg=http:%2F%2Fnews.mydrivers.com%2FImg%2F20110518%2F04481549.png&deptId=15234e8bceb949bf89b1cbe8239c07f6&password2=','{\"password\":[\"\"],\"userImg\":[\"http://news.mydrivers.com/Img/20110518/04481549.png\"],\"userState\":[\"0\"],\"deptId\":[\"15234e8bceb949bf89b1cbe8239c07f6\"],\"userDesc\":[\"xxxtttt\"],\"password2\":[\"\"],\"id\":[\"e44d2b9fd2394fba99db1aac8706da74\"],\"userName\":[\"test\"]}','2018-02-24 22:45:11','PUT','192.168.31.201'),('3443c224b3b742969c3f531eed069863','admin','编辑用户','/ele-admin-api/sys/user/edit?roleIds[]=b1f9ce5543a049be9f169a3f5e6b72a8&roleIds[]=6e9923a1a83d4f768d46d6551d4d4d19&userState=0&id=3568b1c7c7b842b8b0a5f47032ac14be&userName=wsssssssssssss&password=&userDesc=fdsfds&userImg=http:%2F%2Fnews.mydrivers.com%2FImg%2F20110518%2F04481549.png&password2=','{\"password\":[\"\"],\"userImg\":[\"http://news.mydrivers.com/Img/20110518/04481549.png\"],\"userState\":[\"0\"],\"userDesc\":[\"fdsfds\"],\"password2\":[\"\"],\"id\":[\"3568b1c7c7b842b8b0a5f47032ac14be\"],\"userName\":[\"wsssssssssssss\"],\"roleIds[]\":[\"b1f9ce5543a049be9f169a3f5e6b72a8\",\"6e9923a1a83d4f768d46d6551d4d4d19\"]}','2018-03-17 22:33:15','PUT','192.168.31.201'),('36f4742444644087bb4d95484aa9f0fb','admin','编辑角色','/ele-admin-api/sys/role/edit?id=61b3e885055241a4a7f68afdb59fe79b&roleName=eqwdfgfd&roleDesc=ferttgdfg&roleState=1&roleCode=fdsgdfgfd','{\"roleName\":[\"eqwdfgfd\"],\"roleDesc\":[\"ferttgdfg\"],\"id\":[\"61b3e885055241a4a7f68afdb59fe79b\"],\"roleState\":[\"1\"],\"roleCode\":[\"fdsgdfgfd\"]}','2018-03-17 23:22:20','PUT','192.168.31.201'),('38cd31bb44ba40158b3c6a56de675acc','admin','角色分配权限','/ele-admin-api/sys/role/doAuth?roleId=d501cd0cfeb44d5889f6c2c561daf492&menuIds[]=1&menuIds[]=2&menuIds[]=3&menuIds[]=4&menuIds[]=5&menuIds[]=10&menuIds[]=22e38e885f9b40b9aae6a36deb78e89c&menuIds[]=f5a20c82110b4a3ea9e30ca01a038680&menuIds[]=d2bc30feb5474a1bb7e02d48d39a3f8a&menuIds[]=a73802e513cc4465883530ec8074abbb&menuIds[]=4253190001c1480fb0d631d64d150535&menuIds[]=649b484b58414d91aefa5a26143e6557&menuIds[]=488ef1eff57b4827acade7c0744278ce&menuIds[]=3f26102ef0e04c3c9328cb97067cc5fa&menuIds[]=dc5f478d98ed4297a8ae638fe90df050&menuIds[]=0c9b5fc8b44b41d1871a8fc8300247ec&menuIds[]=1db9105008404a3485b6fac30dba3c0e&menuIds[]=60dda993d87647f5989c15f14f866df9&menuIds[]=686630c7cb624cc786dcdc9958971a6b&menuIds[]=b4e7232189b14cf3ba160cf7b0d3bf37&menuIds[]=a5ebf29168234406939856bc6890c86b&menuIds[]=f899f3d3baec4571b1c786717f9906fd&menuIds[]=4e816a9854714d24b0413d929d637a2b&menuIds[]=3fb6a7a5935b4efabf3de82e7e1baeb6&menuIds[]=363a778e78a346a68210b2590163a943&menuIds[]=79d78b8357174cac8f44abd275dec597&menuIds[]=5d3dd56c16ff4e32aecae1b3228159c7&menuIds[]=0818e1c76bbd44eba3a698547ec4e637&menuIds[]=915c309ebe5047b68645b3eb777dd8c9&menuIds[]=42dd5ae31e3a43b3a197440e8ec19a94','{\"menuIds[]\":[\"1\",\"2\",\"3\",\"4\",\"5\",\"10\",\"22e38e885f9b40b9aae6a36deb78e89c\",\"f5a20c82110b4a3ea9e30ca01a038680\",\"d2bc30feb5474a1bb7e02d48d39a3f8a\",\"a73802e513cc4465883530ec8074abbb\",\"4253190001c1480fb0d631d64d150535\",\"649b484b58414d91aefa5a26143e6557\",\"488ef1eff57b4827acade7c0744278ce\",\"3f26102ef0e04c3c9328cb97067cc5fa\",\"dc5f478d98ed4297a8ae638fe90df050\",\"0c9b5fc8b44b41d1871a8fc8300247ec\",\"1db9105008404a3485b6fac30dba3c0e\",\"60dda993d87647f5989c15f14f866df9\",\"686630c7cb624cc786dcdc9958971a6b\",\"b4e7232189b14cf3ba160cf7b0d3bf37\",\"a5ebf29168234406939856bc6890c86b\",\"f899f3d3baec4571b1c786717f9906fd\",\"4e816a9854714d24b0413d929d637a2b\",\"3fb6a7a5935b4efabf3de82e7e1baeb6\",\"363a778e78a346a68210b2590163a943\",\"79d78b8357174cac8f44abd275dec597\",\"5d3dd56c16ff4e32aecae1b3228159c7\",\"0818e1c76bbd44eba3a698547ec4e637\",\"915c309ebe5047b68645b3eb777dd8c9\",\"42dd5ae31e3a43b3a197440e8ec19a94\"],\"roleId\":[\"d501cd0cfeb44d5889f6c2c561daf492\"]}','2018-03-18 00:27:52','POST','192.168.31.201'),('3bd49f9e4514496dbb26d523715f1f57','admin','删除角色','/ele-admin-api/sys/role/delete?ids=2bc7b01543584eed944bf7341399cec7','{\"ids\":[\"2bc7b01543584eed944bf7341399cec7\"]}','2018-03-17 22:37:16','DELETE','192.168.31.201'),('3cd76fd8dc8540d2a4cafa956b6498f8','admin','编辑角色','/ele-admin-api/sys/role/edit?id=6e9923a1a83d4f768d46d6551d4d4d19&roleName=%E8%B4%A2%E5%8A%A1%E9%83%A8%E6%9D%83%E9%99%90&roleDesc=%E6%8D%A2%E4%B8%AA%E6%8D%A2%E4%B8%AA%E6%8D%A2%E4%B8%AA&roleState=1&roleCode=refdsfdsjjh','{\"roleName\":[\"财务部权限\"],\"roleDesc\":[\"换个换个换个\"],\"id\":[\"6e9923a1a83d4f768d46d6551d4d4d19\"],\"roleState\":[\"1\"],\"roleCode\":[\"refdsfdsjjh\"]}','2018-02-24 22:49:13','PUT','192.168.31.201'),('4223e9fefd94492a9c380a85f1da68fb','admin','编辑用户','/ele-admin-api/sys/user/edit?roleIds[]=b1f9ce5543a049be9f169a3f5e6b72a8&roleIds[]=6e9923a1a83d4f768d46d6551d4d4d19&userState=0&id=3568b1c7c7b842b8b0a5f47032ac14be&userName=wsssssssssssss&password=&userDesc=fdsfds&userImg=http:%2F%2Fnews.mydrivers.com%2FImg%2F20110518%2F04481549.png&password2=','{\"password\":[\"\"],\"userImg\":[\"http://news.mydrivers.com/Img/20110518/04481549.png\"],\"userState\":[\"0\"],\"userDesc\":[\"fdsfds\"],\"password2\":[\"\"],\"id\":[\"3568b1c7c7b842b8b0a5f47032ac14be\"],\"userName\":[\"wsssssssssssss\"],\"roleIds[]\":[\"b1f9ce5543a049be9f169a3f5e6b72a8\",\"6e9923a1a83d4f768d46d6551d4d4d19\"]}','2018-03-18 00:16:33','PUT','192.168.31.201'),('4498b1c9cc824f9690d0719ea50dad42','admin','创建角色','/ele-admin-api/sys/role/add?roleState=1&roleName=eqwdfgfd&roleCode=fdsgdfgfd&roleDesc=ferttgdfg','{\"roleName\":[\"eqwdfgfd\"],\"roleDesc\":[\"ferttgdfg\"],\"roleState\":[\"1\"],\"roleCode\":[\"fdsgdfgfd\"]}','2018-03-17 23:22:05','POST','192.168.31.201'),('4567101ed25749cc96695fa08e1e6044','admin','用户登录成功','/ele-admin-api/login/doLogin','','2018-02-24 22:47:53','POST','192.168.31.201'),('4bf1511931fe4677b00292175f148237','admin','编辑用户','/ele-admin-api/sys/user/edit?roleIds[]=6ca06ac0d8bb4fe9bb26af1d838c6a8c&roleIds[]=6e9923a1a83d4f768d46d6551d4d4d19&userState=0&id=e44d2b9fd2394fba99db1aac8706da74&userName=test&password=&userDesc=xxxtttt&userImg=http:%2F%2Fnews.mydrivers.com%2FImg%2F20110518%2F04481549.png&deptId=15234e8bceb949bf89b1cbe8239c07f6&password2=','{\"password\":[\"\"],\"userImg\":[\"http://news.mydrivers.com/Img/20110518/04481549.png\"],\"userState\":[\"0\"],\"deptId\":[\"15234e8bceb949bf89b1cbe8239c07f6\"],\"userDesc\":[\"xxxtttt\"],\"password2\":[\"\"],\"id\":[\"e44d2b9fd2394fba99db1aac8706da74\"],\"userName\":[\"test\"],\"roleIds[]\":[\"6ca06ac0d8bb4fe9bb26af1d838c6a8c\",\"6e9923a1a83d4f768d46d6551d4d4d19\"]}','2018-02-24 22:47:26','PUT','192.168.31.201'),('4e8c318d258540c09956a59eef8d72f2','admin','编辑菜单','/ele-admin-api/sys/menu/edit?id=d2bc30feb5474a1bb7e02d48d39a3f8a&menuName=%E6%9F%A5%E7%9C%8B%E7%94%A8%E6%88%B7%E5%88%97%E8%A1%A8&pid=2&sort=0&deep=3&code=010100&resource=listUser&userStatus=0','{\"deep\":[\"3\"],\"code\":[\"010100\"],\"userStatus\":[\"0\"],\"resource\":[\"listUser\"],\"menuName\":[\"查看用户列表\"],\"pid\":[\"2\"],\"id\":[\"d2bc30feb5474a1bb7e02d48d39a3f8a\"],\"sort\":[\"0\"]}','2018-03-18 00:16:00','PUT','192.168.31.201'),('501f384f13bb45c8903da977f9027039','admin','编辑角色','/ele-admin-api/sys/role/edit?id=6ca06ac0d8bb4fe9bb26af1d838c6a8c&roleName=daf&roleDesc=fasfers&roleState=1&roleCode=eaea','{\"roleName\":[\"daf\"],\"roleDesc\":[\"fasfers\"],\"id\":[\"6ca06ac0d8bb4fe9bb26af1d838c6a8c\"],\"roleState\":[\"1\"],\"roleCode\":[\"eaea\"]}','2018-02-24 22:42:34','PUT','192.168.31.201'),('52f94d278fdd4871a19e85201e51e560','admin','删除角色','/ele-admin-api/sys/role/delete?ids=97717411c6bd4200a1643a4aed6d25f2','{\"ids\":[\"97717411c6bd4200a1643a4aed6d25f2\"]}','2018-03-17 23:21:51','DELETE','192.168.31.201'),('5563bf6e305941fc9d8621126a966ccd','admin','编辑用户','/ele-admin-api/sys/user/edit?roleIds[]=6e9923a1a83d4f768d46d6551d4d4d19&roleIds[]=b1f9ce5543a049be9f169a3f5e6b72a8&userState=1&id=335abede3bf74a99856e25b2e2818d7f&userName=%E4%BD%A0%E5%A5%BD&password=&userDesc=fdsfds&userImg=http:%2F%2Fnews.mydrivers.com%2FImg%2F20110518%2F04481549.png&password2=','{\"password\":[\"\"],\"userImg\":[\"http://news.mydrivers.com/Img/20110518/04481549.png\"],\"userState\":[\"1\"],\"userDesc\":[\"fdsfds\"],\"password2\":[\"\"],\"id\":[\"335abede3bf74a99856e25b2e2818d7f\"],\"userName\":[\"你好\"],\"roleIds[]\":[\"6e9923a1a83d4f768d46d6551d4d4d19\",\"b1f9ce5543a049be9f169a3f5e6b72a8\"]}','2018-02-24 22:44:58','PUT','192.168.31.201'),('5b93761976154955b7334ee1d253c129','admin','编辑角色','/ele-admin-api/sys/role/edit?id=61b3e885055241a4a7f68afdb59fe79b&roleName=eqwdfgfd&roleDesc=ferttgdfg&roleState=1&roleCode=fdsgdfgfd','{\"roleName\":[\"eqwdfgfd\"],\"roleDesc\":[\"ferttgdfg\"],\"id\":[\"61b3e885055241a4a7f68afdb59fe79b\"],\"roleState\":[\"1\"],\"roleCode\":[\"fdsgdfgfd\"]}','2018-03-18 00:04:44','PUT','192.168.31.201'),('5eddeb977baf42538bc35ee77e52e8b9','admin','编辑用户','/ele-admin-api/sys/user/edit?roleIds[]=6ca06ac0d8bb4fe9bb26af1d838c6a8c&roleIds[]=6e9923a1a83d4f768d46d6551d4d4d19&userState=0&id=e44d2b9fd2394fba99db1aac8706da74&userName=test&password=&userDesc=xxxtttt&userImg=http:%2F%2Fnews.mydrivers.com%2FImg%2F20110518%2F04481549.png&deptId=15234e8bceb949bf89b1cbe8239c07f6&password2=','{\"password\":[\"\"],\"userImg\":[\"http://news.mydrivers.com/Img/20110518/04481549.png\"],\"userState\":[\"0\"],\"deptId\":[\"15234e8bceb949bf89b1cbe8239c07f6\"],\"userDesc\":[\"xxxtttt\"],\"password2\":[\"\"],\"id\":[\"e44d2b9fd2394fba99db1aac8706da74\"],\"userName\":[\"test\"],\"roleIds[]\":[\"6ca06ac0d8bb4fe9bb26af1d838c6a8c\",\"6e9923a1a83d4f768d46d6551d4d4d19\"]}','2018-03-17 22:25:19','PUT','192.168.31.201'),('651b890df63b4c61b24ab74578dd97fd','admin','角色分配权限','/ele-admin-api/sys/role/doAuth?roleId=d501cd0cfeb44d5889f6c2c561daf492&menuIds[]=1&menuIds[]=2&menuIds[]=3&menuIds[]=4&menuIds[]=5&menuIds[]=10&menuIds[]=22e38e885f9b40b9aae6a36deb78e89c&menuIds[]=f5a20c82110b4a3ea9e30ca01a038680&menuIds[]=d2bc30feb5474a1bb7e02d48d39a3f8a&menuIds[]=a73802e513cc4465883530ec8074abbb&menuIds[]=4253190001c1480fb0d631d64d150535&menuIds[]=649b484b58414d91aefa5a26143e6557&menuIds[]=488ef1eff57b4827acade7c0744278ce&menuIds[]=3f26102ef0e04c3c9328cb97067cc5fa&menuIds[]=dc5f478d98ed4297a8ae638fe90df050&menuIds[]=0c9b5fc8b44b41d1871a8fc8300247ec&menuIds[]=1db9105008404a3485b6fac30dba3c0e&menuIds[]=60dda993d87647f5989c15f14f866df9&menuIds[]=686630c7cb624cc786dcdc9958971a6b&menuIds[]=b4e7232189b14cf3ba160cf7b0d3bf37&menuIds[]=a5ebf29168234406939856bc6890c86b&menuIds[]=f899f3d3baec4571b1c786717f9906fd&menuIds[]=4e816a9854714d24b0413d929d637a2b&menuIds[]=3fb6a7a5935b4efabf3de82e7e1baeb6&menuIds[]=363a778e78a346a68210b2590163a943&menuIds[]=79d78b8357174cac8f44abd275dec597&menuIds[]=5d3dd56c16ff4e32aecae1b3228159c7&menuIds[]=0818e1c76bbd44eba3a698547ec4e637&menuIds[]=915c309ebe5047b68645b3eb777dd8c9&menuIds[]=42dd5ae31e3a43b3a197440e8ec19a94','{\"menuIds[]\":[\"1\",\"2\",\"3\",\"4\",\"5\",\"10\",\"22e38e885f9b40b9aae6a36deb78e89c\",\"f5a20c82110b4a3ea9e30ca01a038680\",\"d2bc30feb5474a1bb7e02d48d39a3f8a\",\"a73802e513cc4465883530ec8074abbb\",\"4253190001c1480fb0d631d64d150535\",\"649b484b58414d91aefa5a26143e6557\",\"488ef1eff57b4827acade7c0744278ce\",\"3f26102ef0e04c3c9328cb97067cc5fa\",\"dc5f478d98ed4297a8ae638fe90df050\",\"0c9b5fc8b44b41d1871a8fc8300247ec\",\"1db9105008404a3485b6fac30dba3c0e\",\"60dda993d87647f5989c15f14f866df9\",\"686630c7cb624cc786dcdc9958971a6b\",\"b4e7232189b14cf3ba160cf7b0d3bf37\",\"a5ebf29168234406939856bc6890c86b\",\"f899f3d3baec4571b1c786717f9906fd\",\"4e816a9854714d24b0413d929d637a2b\",\"3fb6a7a5935b4efabf3de82e7e1baeb6\",\"363a778e78a346a68210b2590163a943\",\"79d78b8357174cac8f44abd275dec597\",\"5d3dd56c16ff4e32aecae1b3228159c7\",\"0818e1c76bbd44eba3a698547ec4e637\",\"915c309ebe5047b68645b3eb777dd8c9\",\"42dd5ae31e3a43b3a197440e8ec19a94\"],\"roleId\":[\"d501cd0cfeb44d5889f6c2c561daf492\"]}','2018-03-18 00:27:50','POST','192.168.31.201'),('65670ed8d64747db8e70d1803c609a35','admin','角色分配权限','/ele-admin-api/sys/role/doAuth?roleId=6ca06ac0d8bb4fe9bb26af1d838c6a8c&menuIds[]=2&menuIds[]=d2bc30feb5474a1bb7e02d48d39a3f8a&menuIds[]=a73802e513cc4465883530ec8074abbb&menuIds[]=4253190001c1480fb0d631d64d150535&menuIds[]=649b484b58414d91aefa5a26143e6557','{\"menuIds[]\":[\"2\",\"d2bc30feb5474a1bb7e02d48d39a3f8a\",\"a73802e513cc4465883530ec8074abbb\",\"4253190001c1480fb0d631d64d150535\",\"649b484b58414d91aefa5a26143e6557\"],\"roleId\":[\"6ca06ac0d8bb4fe9bb26af1d838c6a8c\"]}','2018-03-18 00:17:50','POST','192.168.31.201'),('740b65d825f7483da5e7819ac6510d3e','admin','编辑用户','/ele-admin-api/sys/user/edit?roleIds[]=b1f9ce5543a049be9f169a3f5e6b72a8&roleIds[]=6e9923a1a83d4f768d46d6551d4d4d19&userState=0&id=3568b1c7c7b842b8b0a5f47032ac14be&userName=wsssssssssssss&password=&userDesc=fdsfds&userImg=http:%2F%2Fnews.mydrivers.com%2FImg%2F20110518%2F04481549.png&password2=','{\"password\":[\"\"],\"userImg\":[\"http://news.mydrivers.com/Img/20110518/04481549.png\"],\"userState\":[\"0\"],\"userDesc\":[\"fdsfds\"],\"password2\":[\"\"],\"id\":[\"3568b1c7c7b842b8b0a5f47032ac14be\"],\"userName\":[\"wsssssssssssss\"],\"roleIds[]\":[\"b1f9ce5543a049be9f169a3f5e6b72a8\",\"6e9923a1a83d4f768d46d6551d4d4d19\"]}','2018-03-17 22:30:49','PUT','192.168.31.201'),('7836b0ab86f74b4faab9d822d7f8df6a','admin','编辑角色','/ele-admin-api/sys/role/edit?id=61b3e885055241a4a7f68afdb59fe79b&roleName=eqwdfgfd&roleDesc=ferttgdfg&roleState=-1&roleCode=fdsgdfgfd','{\"roleName\":[\"eqwdfgfd\"],\"roleDesc\":[\"ferttgdfg\"],\"id\":[\"61b3e885055241a4a7f68afdb59fe79b\"],\"roleState\":[\"-1\"],\"roleCode\":[\"fdsgdfgfd\"]}','2018-03-17 23:22:16','PUT','192.168.31.201'),('78ff187a0a3748bf829e3c329f184c20','admin','编辑菜单','/ele-admin-api/sys/menu/edit?id=1&menuName=%E7%B3%BB%E7%BB%9F%E7%AE%A1%E7%90%86&pid=0&icon=fa+fa-cogs&sort=1&deep=1&code=01&userStatus=0','{\"deep\":[\"1\"],\"code\":[\"01\"],\"userStatus\":[\"0\"],\"icon\":[\"fa fa-cogs\"],\"menuName\":[\"系统管理\"],\"pid\":[\"0\"],\"id\":[\"1\"],\"sort\":[\"1\"]}','2018-03-17 23:03:56','PUT','192.168.31.201'),('79158de294544d0bbff43b83f6d54c05','admin','编辑用户','/ele-admin-api/sys/user/edit?roleIds[]=97717411c6bd4200a1643a4aed6d25f2&roleIds[]=b1f9ce5543a049be9f169a3f5e6b72a8&roleIds[]=6ca06ac0d8bb4fe9bb26af1d838c6a8c&roleIds[]=6e9923a1a83d4f768d46d6551d4d4d19&userState=0&id=e44d2b9fd2394fba99db1aac8706da74&userName=test&password=&userDesc=xxxtttt&userImg=http:%2F%2Fnews.mydrivers.com%2FImg%2F20110518%2F04481549.png&deptId=15234e8bceb949bf89b1cbe8239c07f6&password2=','{\"password\":[\"\"],\"userImg\":[\"http://news.mydrivers.com/Img/20110518/04481549.png\"],\"userState\":[\"0\"],\"deptId\":[\"15234e8bceb949bf89b1cbe8239c07f6\"],\"userDesc\":[\"xxxtttt\"],\"password2\":[\"\"],\"id\":[\"e44d2b9fd2394fba99db1aac8706da74\"],\"userName\":[\"test\"],\"roleIds[]\":[\"97717411c6bd4200a1643a4aed6d25f2\",\"b1f9ce5543a049be9f169a3f5e6b72a8\",\"6ca06ac0d8bb4fe9bb26af1d838c6a8c\",\"6e9923a1a83d4f768d46d6551d4d4d19\"]}','2018-03-18 00:16:27','PUT','192.168.31.201'),('795d092d24244d3aa669f4d876a8a8ec','admin','编辑角色','/ele-admin-api/sys/role/edit?id=482aac67013449478919e2783e0f7dd9&roleName=%E6%96%B9%E5%BC%8Ff&roleDesc=%E5%9C%B0%E6%96%B9%E7%9A%84&roleState=-1&roleCode=rgdfsgfdgfd','{\"roleName\":[\"方式f\"],\"roleDesc\":[\"地方的\"],\"id\":[\"482aac67013449478919e2783e0f7dd9\"],\"roleState\":[\"-1\"],\"roleCode\":[\"rgdfsgfdgfd\"]}','2018-02-24 22:42:31','PUT','192.168.31.201'),('7af2fb6ae70e4a57bae8ad8cbcfb8740','admin','编辑角色','/ele-admin-api/sys/role/edit?id=482aac67013449478919e2783e0f7dd9&roleName=%E4%BA%A7%E5%93%81%E9%83%A8%E9%97%A8&roleDesc=%E5%9C%B0%E6%96%B9%E7%9A%84&roleState=1&roleCode=rgdfsgfdgfd','{\"roleName\":[\"产品部门\"],\"roleDesc\":[\"地方的\"],\"id\":[\"482aac67013449478919e2783e0f7dd9\"],\"roleState\":[\"1\"],\"roleCode\":[\"rgdfsgfdgfd\"]}','2018-02-24 22:48:59','PUT','192.168.31.201'),('7c8a5d1563d04683ae6786cbd4e54217','admin','编辑用户','/ele-admin-api/sys/user/edit?roleIds[]=6ca06ac0d8bb4fe9bb26af1d838c6a8c&roleIds[]=6e9923a1a83d4f768d46d6551d4d4d19&roleIds[]=97717411c6bd4200a1643a4aed6d25f2&roleIds[]=b1f9ce5543a049be9f169a3f5e6b72a8&userState=0&id=e44d2b9fd2394fba99db1aac8706da74&userName=test&password=&userDesc=xxxtttt&userImg=http:%2F%2Fnews.mydrivers.com%2FImg%2F20110518%2F04481549.png&deptId=15234e8bceb949bf89b1cbe8239c07f6&password2=','{\"password\":[\"\"],\"userImg\":[\"http://news.mydrivers.com/Img/20110518/04481549.png\"],\"userState\":[\"0\"],\"deptId\":[\"15234e8bceb949bf89b1cbe8239c07f6\"],\"userDesc\":[\"xxxtttt\"],\"password2\":[\"\"],\"id\":[\"e44d2b9fd2394fba99db1aac8706da74\"],\"userName\":[\"test\"],\"roleIds[]\":[\"6ca06ac0d8bb4fe9bb26af1d838c6a8c\",\"6e9923a1a83d4f768d46d6551d4d4d19\",\"97717411c6bd4200a1643a4aed6d25f2\",\"b1f9ce5543a049be9f169a3f5e6b72a8\"]}','2018-03-17 23:09:47','PUT','192.168.31.201'),('805011d921644a11b4cbaf24f9687228','admin','编辑角色','/ele-admin-api/sys/role/edit?id=6e9923a1a83d4f768d46d6551d4d4d19&roleName=%E6%8D%A2%E4%B8%AAhg&roleDesc=%E6%8D%A2%E4%B8%AA%E6%8D%A2%E4%B8%AA%E6%8D%A2%E4%B8%AA&roleState=1&roleCode=refdsfdsjjh','{\"roleName\":[\"换个hg\"],\"roleDesc\":[\"换个换个换个\"],\"id\":[\"6e9923a1a83d4f768d46d6551d4d4d19\"],\"roleState\":[\"1\"],\"roleCode\":[\"refdsfdsjjh\"]}','2018-02-24 22:42:29','PUT','192.168.31.201'),('867f4af612344a4f8a47a550d8913acc','admin','用户登录成功','/ele-admin-api/login/doLogin','','2018-03-17 22:30:15','POST','192.168.31.201'),('899b343d9edb483a8a602c262eabe7a2','admin','角色分配权限','/ele-admin-api/sys/role/doAuth?roleId=d501cd0cfeb44d5889f6c2c561daf492&menuIds[]=2&menuIds[]=3&menuIds[]=4&menuIds[]=5&menuIds[]=10&menuIds[]=22e38e885f9b40b9aae6a36deb78e89c&menuIds[]=d2bc30feb5474a1bb7e02d48d39a3f8a&menuIds[]=a73802e513cc4465883530ec8074abbb&menuIds[]=4253190001c1480fb0d631d64d150535&menuIds[]=649b484b58414d91aefa5a26143e6557&menuIds[]=488ef1eff57b4827acade7c0744278ce&menuIds[]=3f26102ef0e04c3c9328cb97067cc5fa&menuIds[]=dc5f478d98ed4297a8ae638fe90df050&menuIds[]=0c9b5fc8b44b41d1871a8fc8300247ec&menuIds[]=1db9105008404a3485b6fac30dba3c0e&menuIds[]=60dda993d87647f5989c15f14f866df9&menuIds[]=686630c7cb624cc786dcdc9958971a6b&menuIds[]=b4e7232189b14cf3ba160cf7b0d3bf37&menuIds[]=a5ebf29168234406939856bc6890c86b&menuIds[]=f899f3d3baec4571b1c786717f9906fd&menuIds[]=4e816a9854714d24b0413d929d637a2b&menuIds[]=3fb6a7a5935b4efabf3de82e7e1baeb6&menuIds[]=363a778e78a346a68210b2590163a943&menuIds[]=79d78b8357174cac8f44abd275dec597&menuIds[]=5d3dd56c16ff4e32aecae1b3228159c7&menuIds[]=0818e1c76bbd44eba3a698547ec4e637&menuIds[]=915c309ebe5047b68645b3eb777dd8c9','{\"menuIds[]\":[\"2\",\"3\",\"4\",\"5\",\"10\",\"22e38e885f9b40b9aae6a36deb78e89c\",\"d2bc30feb5474a1bb7e02d48d39a3f8a\",\"a73802e513cc4465883530ec8074abbb\",\"4253190001c1480fb0d631d64d150535\",\"649b484b58414d91aefa5a26143e6557\",\"488ef1eff57b4827acade7c0744278ce\",\"3f26102ef0e04c3c9328cb97067cc5fa\",\"dc5f478d98ed4297a8ae638fe90df050\",\"0c9b5fc8b44b41d1871a8fc8300247ec\",\"1db9105008404a3485b6fac30dba3c0e\",\"60dda993d87647f5989c15f14f866df9\",\"686630c7cb624cc786dcdc9958971a6b\",\"b4e7232189b14cf3ba160cf7b0d3bf37\",\"a5ebf29168234406939856bc6890c86b\",\"f899f3d3baec4571b1c786717f9906fd\",\"4e816a9854714d24b0413d929d637a2b\",\"3fb6a7a5935b4efabf3de82e7e1baeb6\",\"363a778e78a346a68210b2590163a943\",\"79d78b8357174cac8f44abd275dec597\",\"5d3dd56c16ff4e32aecae1b3228159c7\",\"0818e1c76bbd44eba3a698547ec4e637\",\"915c309ebe5047b68645b3eb777dd8c9\"],\"roleId\":[\"d501cd0cfeb44d5889f6c2c561daf492\"]}','2018-03-18 00:27:56','POST','192.168.31.201'),('969260c9574e4c6b937d7c13de896579','admin','角色分配权限','/ele-admin-api/sys/role/doAuth?roleId=6e9923a1a83d4f768d46d6551d4d4d19&menuIds[]=2&menuIds[]=5&menuIds[]=10&menuIds[]=d2bc30feb5474a1bb7e02d48d39a3f8a&menuIds[]=a73802e513cc4465883530ec8074abbb&menuIds[]=4253190001c1480fb0d631d64d150535&menuIds[]=649b484b58414d91aefa5a26143e6557&menuIds[]=5d3dd56c16ff4e32aecae1b3228159c7&menuIds[]=0818e1c76bbd44eba3a698547ec4e637&menuIds[]=915c309ebe5047b68645b3eb777dd8c9','{\"menuIds[]\":[\"2\",\"5\",\"10\",\"d2bc30feb5474a1bb7e02d48d39a3f8a\",\"a73802e513cc4465883530ec8074abbb\",\"4253190001c1480fb0d631d64d150535\",\"649b484b58414d91aefa5a26143e6557\",\"5d3dd56c16ff4e32aecae1b3228159c7\",\"0818e1c76bbd44eba3a698547ec4e637\",\"915c309ebe5047b68645b3eb777dd8c9\"],\"roleId\":[\"6e9923a1a83d4f768d46d6551d4d4d19\"]}','2018-03-18 00:18:09','POST','192.168.31.201'),('9ac12b5d8ae346c68a352af878eefa1e','admin','编辑用户','/ele-admin-api/sys/user/edit?roleIds[]=6e9923a1a83d4f768d46d6551d4d4d19&roleIds[]=b1f9ce5543a049be9f169a3f5e6b72a8&userState=1&id=335abede3bf74a99856e25b2e2818d7f&userName=%E4%BD%A0%E5%A5%BD&password=&userDesc=fdsfds&userImg=http:%2F%2Fnews.mydrivers.com%2FImg%2F20110518%2F04481549.png&password2=','{\"password\":[\"\"],\"userImg\":[\"http://news.mydrivers.com/Img/20110518/04481549.png\"],\"userState\":[\"1\"],\"userDesc\":[\"fdsfds\"],\"password2\":[\"\"],\"id\":[\"335abede3bf74a99856e25b2e2818d7f\"],\"userName\":[\"你好\"],\"roleIds[]\":[\"6e9923a1a83d4f768d46d6551d4d4d19\",\"b1f9ce5543a049be9f169a3f5e6b72a8\"]}','2018-03-18 00:29:21','PUT','192.168.31.201'),('9c4258a7599a40f1b2fc73f1436ac1e3','admin','编辑角色','/ele-admin-api/sys/role/edit?id=482aac67013449478919e2783e0f7dd9&roleName=%E4%BA%A7%E5%93%81%E9%83%A8%E9%97%A8&roleDesc=%E5%9C%B0%E6%96%B9%E7%9A%84&roleState=1&roleCode=rgdfsgfdgfd','{\"roleName\":[\"产品部门\"],\"roleDesc\":[\"地方的\"],\"id\":[\"482aac67013449478919e2783e0f7dd9\"],\"roleState\":[\"1\"],\"roleCode\":[\"rgdfsgfdgfd\"]}','2018-03-18 00:04:42','PUT','192.168.31.201'),('a71942242423423ab8ca0719daaf16f0','admin','编辑用户','/ele-admin-api/sys/user/edit?roleIds[]=6e9923a1a83d4f768d46d6551d4d4d19&roleIds[]=b1f9ce5543a049be9f169a3f5e6b72a8&roleIds[]=482aac67013449478919e2783e0f7dd9&userState=1&id=b5a0647bc90d4d98af23b2a298929c35&userName=fdsfdsfds&password=&userDesc=fsdfdsfds&userImg=http:%2F%2Fnews.mydrivers.com%2FImg%2F20110518%2F04481549.png&password2=','{\"password\":[\"\"],\"userImg\":[\"http://news.mydrivers.com/Img/20110518/04481549.png\"],\"userState\":[\"1\"],\"userDesc\":[\"fsdfdsfds\"],\"password2\":[\"\"],\"id\":[\"b5a0647bc90d4d98af23b2a298929c35\"],\"userName\":[\"fdsfdsfds\"],\"roleIds[]\":[\"6e9923a1a83d4f768d46d6551d4d4d19\",\"b1f9ce5543a049be9f169a3f5e6b72a8\",\"482aac67013449478919e2783e0f7dd9\"]}','2018-03-17 22:33:18','PUT','192.168.31.201'),('a9d0c141fc814205b7c7984398f10878','admin','编辑角色','/ele-admin-api/sys/role/edit?id=6ca06ac0d8bb4fe9bb26af1d838c6a8c&roleName=%E6%99%AE%E9%80%9A%E7%AE%A1%E7%90%86%E5%91%98&roleDesc=fasfers&roleState=1&roleCode=eaea','{\"roleName\":[\"普通管理员\"],\"roleDesc\":[\"fasfers\"],\"id\":[\"6ca06ac0d8bb4fe9bb26af1d838c6a8c\"],\"roleState\":[\"1\"],\"roleCode\":[\"eaea\"]}','2018-02-24 22:48:49','PUT','192.168.31.201'),('af1f00b3fc18443e9455a3a40d71c220','admin','编辑菜单','/ele-admin-api/sys/menu/edit?id=e0ff3505df7c4aff87c60bb510c6d274&menuName=%E4%BB%93%E5%BA%93%E7%AE%A1%E7%90%86&pid=0&icon=fa-folder&sort=4&deep=1&code=04&userStatus=0','{\"deep\":[\"1\"],\"code\":[\"04\"],\"userStatus\":[\"0\"],\"icon\":[\"fa-folder\"],\"menuName\":[\"仓库管理\"],\"pid\":[\"0\"],\"id\":[\"e0ff3505df7c4aff87c60bb510c6d274\"],\"sort\":[\"4\"]}','2018-02-24 22:42:53','PUT','192.168.31.201'),('b384b648eac7469c9e8843470d543d5f','admin','角色分配权限','/ele-admin-api/sys/role/doAuth?roleId=6e9923a1a83d4f768d46d6551d4d4d19&menuIds[]=2&menuIds[]=5&menuIds[]=d2bc30feb5474a1bb7e02d48d39a3f8a&menuIds[]=a73802e513cc4465883530ec8074abbb&menuIds[]=4253190001c1480fb0d631d64d150535&menuIds[]=649b484b58414d91aefa5a26143e6557&menuIds[]=5d3dd56c16ff4e32aecae1b3228159c7','{\"menuIds[]\":[\"2\",\"5\",\"d2bc30feb5474a1bb7e02d48d39a3f8a\",\"a73802e513cc4465883530ec8074abbb\",\"4253190001c1480fb0d631d64d150535\",\"649b484b58414d91aefa5a26143e6557\",\"5d3dd56c16ff4e32aecae1b3228159c7\"],\"roleId\":[\"6e9923a1a83d4f768d46d6551d4d4d19\"]}','2018-03-18 00:18:06','POST','192.168.31.201'),('bf2aae7345b142bb84b3690943280a06','admin','编辑菜单','/ele-admin-api/sys/menu/edit?id=649b484b58414d91aefa5a26143e6557&menuName=%E5%88%A0%E9%99%A4%E7%94%A8%E6%88%B7&pid=2&sort=3&deep=3&code=010103&resource=deleteUser&userStatus=0','{\"deep\":[\"3\"],\"code\":[\"010103\"],\"userStatus\":[\"0\"],\"resource\":[\"deleteUser\"],\"menuName\":[\"删除用户\"],\"pid\":[\"2\"],\"id\":[\"649b484b58414d91aefa5a26143e6557\"],\"sort\":[\"3\"]}','2018-02-24 22:42:46','PUT','192.168.31.201'),('bfacf37ae15942539ed6259cf1fd7756','admin','编辑用户','/ele-admin-api/sys/user/edit?roleIds[]=6e9923a1a83d4f768d46d6551d4d4d19&roleIds[]=b1f9ce5543a049be9f169a3f5e6b72a8&userState=1&id=335abede3bf74a99856e25b2e2818d7f&userName=%E4%BD%A0%E5%A5%BD&password=&userDesc=fdsfds&userImg=http:%2F%2Fnews.mydrivers.com%2FImg%2F20110518%2F04481549.png&password2=','{\"password\":[\"\"],\"userImg\":[\"http://news.mydrivers.com/Img/20110518/04481549.png\"],\"userState\":[\"1\"],\"userDesc\":[\"fdsfds\"],\"password2\":[\"\"],\"id\":[\"335abede3bf74a99856e25b2e2818d7f\"],\"userName\":[\"你好\"],\"roleIds[]\":[\"6e9923a1a83d4f768d46d6551d4d4d19\",\"b1f9ce5543a049be9f169a3f5e6b72a8\"]}','2018-03-18 00:16:35','PUT','192.168.31.201'),('c0a198e7c5064b419fc528ec16845b99','admin','编辑菜单','/ele-admin-api/sys/menu/edit?id=e0ff3505df7c4aff87c60bb510c6d274&menuName=%E4%BB%93%E5%BA%93%E7%AE%A1%E7%90%86&pid=0&icon=fa-folder&sort=4&deep=1&code=04&userStatus=0','{\"deep\":[\"1\"],\"code\":[\"04\"],\"userStatus\":[\"0\"],\"icon\":[\"fa-folder\"],\"menuName\":[\"仓库管理\"],\"pid\":[\"0\"],\"id\":[\"e0ff3505df7c4aff87c60bb510c6d274\"],\"sort\":[\"4\"]}','2018-02-24 22:42:51','PUT','192.168.31.201'),('c23a3861999c47a6a6afe8d778d7aeb8','admin','创建角色','/ele-admin-api/sys/role/add?roleState=1&roleName=fgd&roleCode=gfdg&roleDesc=fdgfd','{\"roleName\":[\"fgd\"],\"roleDesc\":[\"fdgfd\"],\"roleState\":[\"1\"],\"roleCode\":[\"gfdg\"]}','2018-03-17 23:21:55','POST','192.168.31.201'),('c59bc5b597674af2a9aacdbfe7bdd6cc','admin','编辑用户','/ele-admin-api/sys/user/edit?roleIds[]=6ca06ac0d8bb4fe9bb26af1d838c6a8c&roleIds[]=6e9923a1a83d4f768d46d6551d4d4d19&userState=0&id=e44d2b9fd2394fba99db1aac8706da74&userName=test&password=&userDesc=xxxtttt&userImg=http:%2F%2Fnews.mydrivers.com%2FImg%2F20110518%2F04481549.png&deptId=15234e8bceb949bf89b1cbe8239c07f6&password2=','{\"password\":[\"\"],\"userImg\":[\"http://news.mydrivers.com/Img/20110518/04481549.png\"],\"userState\":[\"0\"],\"deptId\":[\"15234e8bceb949bf89b1cbe8239c07f6\"],\"userDesc\":[\"xxxtttt\"],\"password2\":[\"\"],\"id\":[\"e44d2b9fd2394fba99db1aac8706da74\"],\"userName\":[\"test\"],\"roleIds[]\":[\"6ca06ac0d8bb4fe9bb26af1d838c6a8c\",\"6e9923a1a83d4f768d46d6551d4d4d19\"]}','2018-03-17 22:32:09','PUT','192.168.31.201'),('cfb67c552d444349874855d99f6d03dd','admin','编辑角色','/ele-admin-api/sys/role/edit?id=6e9923a1a83d4f768d46d6551d4d4d19&roleName=%E6%8D%A2%E4%B8%AAhg&roleDesc=%E6%8D%A2%E4%B8%AA%E6%8D%A2%E4%B8%AA%E6%8D%A2%E4%B8%AA&roleState=1&roleCode=refdsfdsjjh','{\"roleName\":[\"换个hg\"],\"roleDesc\":[\"换个换个换个\"],\"id\":[\"6e9923a1a83d4f768d46d6551d4d4d19\"],\"roleState\":[\"1\"],\"roleCode\":[\"refdsfdsjjh\"]}','2018-02-02 11:29:40','PUT','192.168.245.1'),('d21facd2e9e142f68945b9cf912fd2ba','admin','编辑角色','/ele-admin-api/sys/role/edit?id=482aac67013449478919e2783e0f7dd9&roleName=%E6%96%B9%E5%BC%8Ff&roleDesc=%E5%9C%B0%E6%96%B9%E7%9A%84&roleState=-1&roleCode=rgdfsgfdgfd','{\"roleName\":[\"方式f\"],\"roleDesc\":[\"地方的\"],\"id\":[\"482aac67013449478919e2783e0f7dd9\"],\"roleState\":[\"-1\"],\"roleCode\":[\"rgdfsgfdgfd\"]}','2018-02-02 11:29:46','PUT','192.168.245.1'),('d42c1eb135764e2ab18a922f4c690121','admin','用户登录成功','/ele-admin-api/login/doLogin','','2018-03-17 22:24:26','POST','192.168.31.201'),('d5ce14e23361479fa82e7aff34bd8223','admin','编辑用户','/ele-admin-api/sys/user/edit?userState=1&id=335abede3bf74a99856e25b2e2818d7f&userName=%E4%BD%A0%E5%A5%BD&password=&userDesc=fdsfds&userImg=http:%2F%2Fnews.mydrivers.com%2FImg%2F20110518%2F04481549.png&password2=','{\"password\":[\"\"],\"userImg\":[\"http://news.mydrivers.com/Img/20110518/04481549.png\"],\"userState\":[\"1\"],\"userDesc\":[\"fdsfds\"],\"password2\":[\"\"],\"id\":[\"335abede3bf74a99856e25b2e2818d7f\"],\"userName\":[\"你好\"]}','2018-02-02 11:28:09','PUT','192.168.245.1'),('d8db750a98184f148fe10bf5abff7016','admin','创建角色','/ele-admin-api/sys/role/add?roleState=1&roleName=daf&roleCode=eaea&roleDesc=fasfers','{\"roleName\":[\"daf\"],\"roleDesc\":[\"fasfers\"],\"roleState\":[\"1\"],\"roleCode\":[\"eaea\"]}','2018-02-02 11:28:23','POST','192.168.245.1'),('d9df4e348a084029a78311aa04918573','admin','用户登录成功','/ele-admin-api/login/doLogin','','2018-02-24 22:53:06','POST','192.168.31.201'),('e06283f2586f48e59ef440317b5c727c','admin','编辑用户','/ele-admin-api/sys/user/edit?roleIds[]=b1f9ce5543a049be9f169a3f5e6b72a8&userState=1&id=c79ba431f9f74dfbae585b87b0cde933&userName=admin&password=&userDesc=xxxfdsfds&userImg=http:%2F%2Fnews.mydrivers.com%2FImg%2F20110518%2F04481549.png&deptId=15234e8bceb949bf89b1cbe8239c07f6&password2=','{\"password\":[\"\"],\"userImg\":[\"http://news.mydrivers.com/Img/20110518/04481549.png\"],\"userState\":[\"1\"],\"deptId\":[\"15234e8bceb949bf89b1cbe8239c07f6\"],\"userDesc\":[\"xxxfdsfds\"],\"password2\":[\"\"],\"id\":[\"c79ba431f9f74dfbae585b87b0cde933\"],\"userName\":[\"admin\"],\"roleIds[]\":[\"b1f9ce5543a049be9f169a3f5e6b72a8\"]}','2018-03-18 00:16:30','PUT','192.168.31.201'),('efe45f224a7947258e4cf8634539f13a','admin','创建角色','/ele-admin-api/sys/role/add?roleState=1&roleName=eqwe&roleCode=fds&roleDesc=ferfdsfds','{\"roleName\":[\"eqwe\"],\"roleDesc\":[\"ferfdsfds\"],\"roleState\":[\"1\"],\"roleCode\":[\"fds\"]}','2018-03-17 22:37:13','POST','192.168.31.201'),('f0a344a803934095afc10b8a2fd0af3b','admin','编辑用户','/ele-admin-api/sys/user/edit?roleIds[]=6e9923a1a83d4f768d46d6551d4d4d19&userState=1&id=335abede3bf74a99856e25b2e2818d7f&userName=%E4%BD%A0%E5%A5%BD&password=&userDesc=fdsfds&userImg=http:%2F%2Fnews.mydrivers.com%2FImg%2F20110518%2F04481549.png&password2=','{\"password\":[\"\"],\"userImg\":[\"http://news.mydrivers.com/Img/20110518/04481549.png\"],\"userState\":[\"1\"],\"userDesc\":[\"fdsfds\"],\"password2\":[\"\"],\"id\":[\"335abede3bf74a99856e25b2e2818d7f\"],\"userName\":[\"你好\"],\"roleIds[]\":[\"6e9923a1a83d4f768d46d6551d4d4d19\"]}','2018-02-24 22:44:51','PUT','192.168.31.201'),('f0c0a01cfea44c6bb957a57c530e33e0','admin','用户登录成功','/ele-admin-api/login/doLogin','','2018-02-24 22:41:08','POST','192.168.31.201'),('f826a5eee68e42b7ae84d0eadd47e42a','admin','编辑用户','/ele-admin-api/sys/user/edit?roleIds[]=b1f9ce5543a049be9f169a3f5e6b72a8&userState=1&id=c79ba431f9f74dfbae585b87b0cde933&userName=admin&password=&userDesc=xxxfdsfds&userImg=http:%2F%2Fnews.mydrivers.com%2FImg%2F20110518%2F04481549.png&deptId=15234e8bceb949bf89b1cbe8239c07f6&password2=','{\"password\":[\"\"],\"userImg\":[\"http://news.mydrivers.com/Img/20110518/04481549.png\"],\"userState\":[\"1\"],\"deptId\":[\"15234e8bceb949bf89b1cbe8239c07f6\"],\"userDesc\":[\"xxxfdsfds\"],\"password2\":[\"\"],\"id\":[\"c79ba431f9f74dfbae585b87b0cde933\"],\"userName\":[\"admin\"],\"roleIds[]\":[\"b1f9ce5543a049be9f169a3f5e6b72a8\"]}','2018-03-18 00:29:19','PUT','192.168.31.201'),('fc7f3af0e30c4f2d8a3f33d02bffda31','admin','编辑角色','/ele-admin-api/sys/role/edit?id=b1f9ce5543a049be9f169a3f5e6b72a8&roleName=%E8%B6%85%E7%BA%A7%E7%AE%A1%E7%90%86%E5%91%98&roleDesc=%E8%B6%85%E7%BA%A7%E7%AE%A1%E7%90%86%E5%91%98&roleState=1&roleCode=fdfdfdsxxxxxxxxx','{\"roleName\":[\"超级管理员\"],\"roleDesc\":[\"超级管理员\"],\"id\":[\"b1f9ce5543a049be9f169a3f5e6b72a8\"],\"roleState\":[\"1\"],\"roleCode\":[\"fdfdfdsxxxxxxxxx\"]}','2018-02-02 11:29:37','PUT','192.168.245.1'),('fcf09bc72dc142f085b71fcb42ed50c2','admin','编辑用户','/ele-admin-api/sys/user/edit?roleIds[]=b1f9ce5543a049be9f169a3f5e6b72a8&roleIds[]=6ca06ac0d8bb4fe9bb26af1d838c6a8c&userState=1&id=406b5e8ff862494ba6b09c9b2373d1b8&userName=eadasdas&password=&userDesc=fsfdsfdsfds&userImg=http:%2F%2Fnews.mydrivers.com%2FImg%2F20110518%2F04481549.png&password2=','{\"password\":[\"\"],\"userImg\":[\"http://news.mydrivers.com/Img/20110518/04481549.png\"],\"userState\":[\"1\"],\"userDesc\":[\"fsfdsfdsfds\"],\"password2\":[\"\"],\"id\":[\"406b5e8ff862494ba6b09c9b2373d1b8\"],\"userName\":[\"eadasdas\"],\"roleIds[]\":[\"b1f9ce5543a049be9f169a3f5e6b72a8\",\"6ca06ac0d8bb4fe9bb26af1d838c6a8c\"]}','2018-03-17 22:25:15','PUT','192.168.31.201'),('fda487e669c6423187be7ca104a72dba','admin','删除用户','/ele-admin-api/sys/user/delete?ids=3568b1c7c7b842b8b0a5f47032ac14be','{\"ids\":[\"3568b1c7c7b842b8b0a5f47032ac14be\"]}','2018-03-18 00:16:39','DELETE','192.168.31.201');

/*Table structure for table `sys_menu` */

DROP TABLE IF EXISTS `sys_menu`;

CREATE TABLE `sys_menu` (
  `id` varchar(50) NOT NULL COMMENT '主键',
  `menuName` varchar(50) NOT NULL COMMENT '菜单名称',
  `pid` varchar(50) NOT NULL COMMENT '父级菜单ID',
  `url` varchar(255) DEFAULT NULL COMMENT '连接地址',
  `icon` varchar(50) DEFAULT NULL COMMENT '图标',
  `sort` int(11) DEFAULT '0' COMMENT '排序',
  `deep` int(11) DEFAULT NULL COMMENT '深度',
  `code` varchar(50) DEFAULT NULL COMMENT '编码',
  `resource` varchar(50) DEFAULT NULL COMMENT '资源名称',
  PRIMARY KEY (`id`)
) ENGINE=InnoDB DEFAULT CHARSET=utf8 COMMENT='菜单表';

/*Data for the table `sys_menu` */

insert  into `sys_menu`(`id`,`menuName`,`pid`,`url`,`icon`,`sort`,`deep`,`code`,`resource`) values ('0818e1c76bbd44eba3a698547ec4e637','查询系统设置','10',NULL,NULL,0,3,'010600','listSetting'),('0c9b5fc8b44b41d1871a8fc8300247ec','删除菜单','4',NULL,NULL,4,3,'010303','deleteMenu'),('1','系统管理','0',NULL,'fa fa-cogs',1,1,'01',NULL),('10','系统配置','1','/system/setting/page',' fa-cog',6,2,'0106','setting'),('1db9105008404a3485b6fac30dba3c0e','查看角色列表','3',NULL,NULL,0,3,'010200','listRole'),('2','用户管理','1','/system/user/list/1','fa-user-circle-o',1,2,'0101','user'),('22e38e885f9b40b9aae6a36deb78e89c','部门管理','1','/system/dept/list/1','fa-graduation-cap',4,2,'0104','dept'),('3','角色管理','1','/system/role/list/1','fa-users',2,2,'0102','role'),('363a778e78a346a68210b2590163a943','编辑部门','22e38e885f9b40b9aae6a36deb78e89c',NULL,NULL,2,3,'010402','editDept'),('3f26102ef0e04c3c9328cb97067cc5fa','创建菜单','4',NULL,NULL,1,3,'010301','addMenu'),('3fb6a7a5935b4efabf3de82e7e1baeb6','新增部门','22e38e885f9b40b9aae6a36deb78e89c',NULL,NULL,1,3,'010401','addDept'),('4','菜单管理','1','/system/menu/list/1','fa-list',3,2,'0103','menu'),('4253190001c1480fb0d631d64d150535','编辑用户','2',NULL,NULL,2,3,'010102','editUser'),('42dd5ae31e3a43b3a197440e8ec19a94','监控列表','f5a20c82110b4a3ea9e30ca01a038680',NULL,NULL,1,3,'010701','monitorList'),('488ef1eff57b4827acade7c0744278ce','查看菜单列表','4',NULL,NULL,0,3,'010300','listMenu'),('4e816a9854714d24b0413d929d637a2b','查看部门列表','22e38e885f9b40b9aae6a36deb78e89c',NULL,NULL,0,3,'010400','listDept'),('5','业务日志','1','/system/log/list/1','fa-info-circle',5,2,'0105','log'),('5bb55dd90ba44db39d6e3d7f3f316af0','类目管理','661a1f4a6ec94fa89ec6f90ce77a8eb3','#','fa-file',2,2,'0202',NULL),('5d3dd56c16ff4e32aecae1b3228159c7','查看日志列表','5',NULL,NULL,0,3,'010500','listLog'),('60dda993d87647f5989c15f14f866df9','新增角色','3',NULL,NULL,1,3,'010201','addRole'),('649b484b58414d91aefa5a26143e6557','删除用户','2',NULL,NULL,3,3,'010103','deleteUser'),('661a1f4a6ec94fa89ec6f90ce77a8eb3','商品管理','0',NULL,'fa-folder',1,1,'02',NULL),('686630c7cb624cc786dcdc9958971a6b','编辑角色','3',NULL,NULL,2,3,'010202','editRole'),('79d78b8357174cac8f44abd275dec597','删除部门','22e38e885f9b40b9aae6a36deb78e89c',NULL,NULL,3,3,'010403','deleteDept'),('915c309ebe5047b68645b3eb777dd8c9','操作系统设置','10',NULL,NULL,1,3,'010601','doSetting'),('a5ebf29168234406939856bc6890c86b','角色授权','3',NULL,NULL,4,3,'010204','authRole'),('a73802e513cc4465883530ec8074abbb','新增用户','2',NULL,NULL,1,3,'010101','addUser'),('b1487b113b324e79b7fbadbe28660349','采购管理','0',NULL,'fa-folder',3,1,'03',NULL),('b4e7232189b14cf3ba160cf7b0d3bf37','删除角色','3',NULL,NULL,3,3,'010203','deleteRole'),('d2bc30feb5474a1bb7e02d48d39a3f8a','查看用户列表','2',NULL,NULL,0,3,'010100','listUser'),('dc5f478d98ed4297a8ae638fe90df050','编辑菜单','4',NULL,NULL,3,3,'010302','editMenu'),('e0ff3505df7c4aff87c60bb510c6d274','仓库管理','0',NULL,'fa-folder',4,1,'04',NULL),('f5a20c82110b4a3ea9e30ca01a038680','系统监控','1','/system/monitor/list','fa-eye',7,2,'0107',NULL),('f899f3d3baec4571b1c786717f9906fd','批量删除角色','3',NULL,NULL,5,3,'010205','deleteBatchRole'),('f8db3e5b12d04a46b07026e2828791fc','SPU管理','661a1f4a6ec94fa89ec6f90ce77a8eb3','#','fa-file',1,2,'0201',NULL);

/*Table structure for table `sys_role` */

DROP TABLE IF EXISTS `sys_role`;

CREATE TABLE `sys_role` (
  `id` varchar(50) NOT NULL COMMENT '主键',
  `roleName` varchar(50) NOT NULL COMMENT '角色名称',
  `roleDesc` varchar(300) DEFAULT NULL COMMENT '角色描述',
  `roleState` int(2) DEFAULT '1' COMMENT '状态,1-启用,-1禁用',
  `createTime` datetime DEFAULT NULL COMMENT '创建时间',
  `roleCode` varchar(50) DEFAULT NULL COMMENT '角色编码',
  PRIMARY KEY (`id`)
) ENGINE=InnoDB DEFAULT CHARSET=utf8 COMMENT='角色表';

/*Data for the table `sys_role` */

insert  into `sys_role`(`id`,`roleName`,`roleDesc`,`roleState`,`createTime`,`roleCode`) values ('482aac67013449478919e2783e0f7dd9','产品部门','地方的',1,'2018-02-01 14:27:13','rgdfsgfdgfd'),('61b3e885055241a4a7f68afdb59fe79b','eqwdfgfd','ferttgdfg',1,'2018-03-17 23:22:05','fdsgdfgfd'),('6ca06ac0d8bb4fe9bb26af1d838c6a8c','普通管理员','fasfers',1,'2018-02-02 11:28:23','eaea'),('6e9923a1a83d4f768d46d6551d4d4d19','财务部权限','换个换个换个',1,'2018-02-01 14:27:09','refdsfdsjjh'),('b1f9ce5543a049be9f169a3f5e6b72a8','超级管理员','超级管理员',1,'2017-09-14 15:02:16','fdfdfdsxxxxxxxxx'),('d501cd0cfeb44d5889f6c2c561daf492','fgd','fdgfd',1,'2018-03-17 23:21:55','gfdg');

/*Table structure for table `sys_role_menu` */

DROP TABLE IF EXISTS `sys_role_menu`;

CREATE TABLE `sys_role_menu` (
  `id` varchar(50) NOT NULL COMMENT '主键',
  `roleId` varchar(50) NOT NULL COMMENT '角色主键',
  `menuId` varchar(50) NOT NULL COMMENT '菜单主键',
  PRIMARY KEY (`id`)
) ENGINE=InnoDB DEFAULT CHARSET=utf8 COMMENT='角色菜单关联表';

/*Data for the table `sys_role_menu` */

insert  into `sys_role_menu`(`id`,`roleId`,`menuId`) values ('00fb96a1fa904a2c9407e2a2ecc0185c','d501cd0cfeb44d5889f6c2c561daf492','5'),('010f5d903bed453c996e168544f6a122','6e9923a1a83d4f768d46d6551d4d4d19','0818e1c76bbd44eba3a698547ec4e637'),('0644c2226c2d489fa3bbfdf39a8476a1','6e9923a1a83d4f768d46d6551d4d4d19','10'),('084e90323d194a5f92b36477239337c7','d501cd0cfeb44d5889f6c2c561daf492','5d3dd56c16ff4e32aecae1b3228159c7'),('0adb17105f0c4b2180f497aaaa97dd1f','b1f9ce5543a049be9f169a3f5e6b72a8','f8db3e5b12d04a46b07026e2828791fc'),('0d33465246a040c09b6a02065e438014','b1f9ce5543a049be9f169a3f5e6b72a8','2'),('0dbe8ec57bc740198077b1efc7d80e94','6e9923a1a83d4f768d46d6551d4d4d19','60dda993d87647f5989c15f14f866df9'),('12dad3cda1124a4d9fef030c64a99d72','6e9923a1a83d4f768d46d6551d4d4d19','f8db3e5b12d04a46b07026e2828791fc'),('14923db3d81e44e98da5c89286fa8b28','b1f9ce5543a049be9f169a3f5e6b72a8','60dda993d87647f5989c15f14f866df9'),('14f203b9300343e7bd63e1c3c7173022','d501cd0cfeb44d5889f6c2c561daf492','4253190001c1480fb0d631d64d150535'),('16c735e999874b0283ee51b8ffb7ea43','482aac67013449478919e2783e0f7dd9','5d3dd56c16ff4e32aecae1b3228159c7'),('171dc49e9e6f424c83b2a2007efe4700','d501cd0cfeb44d5889f6c2c561daf492','488ef1eff57b4827acade7c0744278ce'),('18bea6c7b2db48b59887b930fd3526aa','d501cd0cfeb44d5889f6c2c561daf492','79d78b8357174cac8f44abd275dec597'),('192ca2ef06b6482a92fe0c14ca5ec4b9','b1f9ce5543a049be9f169a3f5e6b72a8','e0ff3505df7c4aff87c60bb510c6d274'),('1b49947217da4e4682b84278d82e4cb7','b1f9ce5543a049be9f169a3f5e6b72a8','0c9b5fc8b44b41d1871a8fc8300247ec'),('1f41cf39f792480c8b92a83912679df5','6e9923a1a83d4f768d46d6551d4d4d19','5d3dd56c16ff4e32aecae1b3228159c7'),('20d8ca43f124417992ca6ec62923c7ab','6e9923a1a83d4f768d46d6551d4d4d19','661a1f4a6ec94fa89ec6f90ce77a8eb3'),('221c70a961944fc39fce1c3e58c8a11e','b1f9ce5543a049be9f169a3f5e6b72a8','22e38e885f9b40b9aae6a36deb78e89c'),('230c06649dfd4321b2de2490117ab6ab','d501cd0cfeb44d5889f6c2c561daf492','22e38e885f9b40b9aae6a36deb78e89c'),('24d0511e3f754ecf81ecf0a4c5e0c443','6ca06ac0d8bb4fe9bb26af1d838c6a8c','2'),('25261d2066e648dc9ebc8e9ec00631c9','b1f9ce5543a049be9f169a3f5e6b72a8','b4e7232189b14cf3ba160cf7b0d3bf37'),('263db684486949da9e4ff178a653611a','b1f9ce5543a049be9f169a3f5e6b72a8','5'),('28b8cbbea1024eedb8349827eb04ec11','6e9923a1a83d4f768d46d6551d4d4d19','2'),('2979ac7075ab4b7e99f6a36bffc9a2e9','6e9923a1a83d4f768d46d6551d4d4d19','5bb55dd90ba44db39d6e3d7f3f316af0'),('2aa7d2d30c1642d385022f9be55f159a','6e9923a1a83d4f768d46d6551d4d4d19','4'),('2d273ec73b8642a08205bd7b19c197a9','b1f9ce5543a049be9f169a3f5e6b72a8','dc5f478d98ed4297a8ae638fe90df050'),('2dce7ff286bd4cd09956b734afef7b0f','482aac67013449478919e2783e0f7dd9','0818e1c76bbd44eba3a698547ec4e637'),('304842cdcef448149cb0b6740454f39a','482aac67013449478919e2783e0f7dd9','60dda993d87647f5989c15f14f866df9'),('363f3b04084c4566a7584c6459b67b10','b1f9ce5543a049be9f169a3f5e6b72a8','1db9105008404a3485b6fac30dba3c0e'),('36c6488bc723415a87daa06d7c31ca4e','b1f9ce5543a049be9f169a3f5e6b72a8','f899f3d3baec4571b1c786717f9906fd'),('3777e0b4b6a34dae839c4304fe544c05','d501cd0cfeb44d5889f6c2c561daf492','3'),('37c4bb4970a24a4b8ae9adab25d0b5c6','6e9923a1a83d4f768d46d6551d4d4d19','649b484b58414d91aefa5a26143e6557'),('37ef08244a0547c0ad79fd27efad1692','d501cd0cfeb44d5889f6c2c561daf492','a73802e513cc4465883530ec8074abbb'),('391f35bd2423448f80a9bc0173a250a0','b1f9ce5543a049be9f169a3f5e6b72a8','a5ebf29168234406939856bc6890c86b'),('3a3f8f5c264a459ba7cdf22a3975da0d','482aac67013449478919e2783e0f7dd9','649b484b58414d91aefa5a26143e6557'),('3b99fd01654b47b2a255db19595380a5','482aac67013449478919e2783e0f7dd9','10'),('3ce4819b5ac0427c8e40c5b09c4492f4','482aac67013449478919e2783e0f7dd9','3fb6a7a5935b4efabf3de82e7e1baeb6'),('40e5979a60c04a48976f447a488c9881','6ca06ac0d8bb4fe9bb26af1d838c6a8c','649b484b58414d91aefa5a26143e6557'),('423d60e13a1642b688e965699c9157d6','6e9923a1a83d4f768d46d6551d4d4d19','a5ebf29168234406939856bc6890c86b'),('427e962da5b94c12a12d68159d9b3626','b1f9ce5543a049be9f169a3f5e6b72a8','5d3dd56c16ff4e32aecae1b3228159c7'),('429a481f6ae646ce8cccf88ee96c170a','482aac67013449478919e2783e0f7dd9','3f26102ef0e04c3c9328cb97067cc5fa'),('45266ace6a384eee8f0753c202b70066','482aac67013449478919e2783e0f7dd9','a5ebf29168234406939856bc6890c86b'),('470d245f09ba4bdeb2b9f5633b69bfcc','d501cd0cfeb44d5889f6c2c561daf492','4'),('4b793070c281497198ca222cfeaa0dde','d501cd0cfeb44d5889f6c2c561daf492','649b484b58414d91aefa5a26143e6557'),('4cc391a64199407a8aedf901c84b47f4','6e9923a1a83d4f768d46d6551d4d4d19','b4e7232189b14cf3ba160cf7b0d3bf37'),('51a5f6a913d44290b990388232efaf49','b1f9ce5543a049be9f169a3f5e6b72a8','363a778e78a346a68210b2590163a943'),('52cb43afc1764cdfb6c472d7070f1ddf','b1f9ce5543a049be9f169a3f5e6b72a8','0818e1c76bbd44eba3a698547ec4e637'),('537721a7bf944aafb0151b1f04c50223','b1f9ce5543a049be9f169a3f5e6b72a8','4253190001c1480fb0d631d64d150535'),('53c6921448ba4bc8aa04e86b567b50e3','482aac67013449478919e2783e0f7dd9','4253190001c1480fb0d631d64d150535'),('546a5eb214a04efbbd13fbf8d2eb4dd1','b1f9ce5543a049be9f169a3f5e6b72a8','42dd5ae31e3a43b3a197440e8ec19a94'),('57ca8e5ca1064aeb9ac0b744ca418bf7','d501cd0cfeb44d5889f6c2c561daf492','0c9b5fc8b44b41d1871a8fc8300247ec'),('5d89b6000ec940dcb28f10f23203ece0','b1f9ce5543a049be9f169a3f5e6b72a8','3fb6a7a5935b4efabf3de82e7e1baeb6'),('5e5351a78eec4de7b9a690b03bc26ad9','6ca06ac0d8bb4fe9bb26af1d838c6a8c','a73802e513cc4465883530ec8074abbb'),('612002e2f4644036b22967c97d74bf6a','d501cd0cfeb44d5889f6c2c561daf492','10'),('6245eaec94774a25a047748f48886cc8','6ca06ac0d8bb4fe9bb26af1d838c6a8c','4253190001c1480fb0d631d64d150535'),('676f6b6eed6e47b19459e6cbdda5809f','482aac67013449478919e2783e0f7dd9','f899f3d3baec4571b1c786717f9906fd'),('6941f1c205c24d908f39ff207f0a2071','482aac67013449478919e2783e0f7dd9','4e816a9854714d24b0413d929d637a2b'),('696baf29297944a8940ed089015298e3','b1f9ce5543a049be9f169a3f5e6b72a8','d2bc30feb5474a1bb7e02d48d39a3f8a'),('6a36bfde805940b4b666da4e065d56db','482aac67013449478919e2783e0f7dd9','a73802e513cc4465883530ec8074abbb'),('6a9e75951ef2421bb95bc7be14b93573','b1f9ce5543a049be9f169a3f5e6b72a8','f5a20c82110b4a3ea9e30ca01a038680'),('7228dbd7a7ea425da2fc21305c70daee','d501cd0cfeb44d5889f6c2c561daf492','915c309ebe5047b68645b3eb777dd8c9'),('7687513610f740b09e845cdaed1486f5','d501cd0cfeb44d5889f6c2c561daf492','4e816a9854714d24b0413d929d637a2b'),('774eb8bf548143869c0ca1706addf4e1','482aac67013449478919e2783e0f7dd9','1db9105008404a3485b6fac30dba3c0e'),('792f1467ea8d49859722f059f62da9f3','482aac67013449478919e2783e0f7dd9','915c309ebe5047b68645b3eb777dd8c9'),('799953d837d44e71ae47463622dfdc94','6ca06ac0d8bb4fe9bb26af1d838c6a8c','60dda993d87647f5989c15f14f866df9'),('7a57683e462a4415bc8596715e756ac7','b1f9ce5543a049be9f169a3f5e6b72a8','488ef1eff57b4827acade7c0744278ce'),('7ab945a482044c41a003329b9ad48ed7','6e9923a1a83d4f768d46d6551d4d4d19','dc5f478d98ed4297a8ae638fe90df050'),('7e497324e088402aaffff65437205d54','482aac67013449478919e2783e0f7dd9','22e38e885f9b40b9aae6a36deb78e89c'),('81a7e3a09208476c86c7c8e45472ba43','482aac67013449478919e2783e0f7dd9','686630c7cb624cc786dcdc9958971a6b'),('84ccce8d54974088b576cda8025f5e49','b1f9ce5543a049be9f169a3f5e6b72a8','1'),('8856124cb8054cddb1f2f6fcbe607126','482aac67013449478919e2783e0f7dd9','d2bc30feb5474a1bb7e02d48d39a3f8a'),('8891222705e74300beca87bb943ffd20','6ca06ac0d8bb4fe9bb26af1d838c6a8c','b4e7232189b14cf3ba160cf7b0d3bf37'),('89c89bc32b11455c8258baf4ff38f01a','6e9923a1a83d4f768d46d6551d4d4d19','3f26102ef0e04c3c9328cb97067cc5fa'),('955e3cdbf42247a28e2b58a3dc397a59','b1f9ce5543a049be9f169a3f5e6b72a8','b1487b113b324e79b7fbadbe28660349'),('965857ec3265498c8c57b8a776fbf321','6ca06ac0d8bb4fe9bb26af1d838c6a8c','f899f3d3baec4571b1c786717f9906fd'),('972dbc13268d418b834485788674fb6f','482aac67013449478919e2783e0f7dd9','b4e7232189b14cf3ba160cf7b0d3bf37'),('97894d174a6d457cae16a0fd757b4092','6ca06ac0d8bb4fe9bb26af1d838c6a8c','3'),('9aeb9ced91ae4aca9a576705c50beb86','b1f9ce5543a049be9f169a3f5e6b72a8','686630c7cb624cc786dcdc9958971a6b'),('a0873dfbd2fa485db844dbc57b2bcbd7','482aac67013449478919e2783e0f7dd9','3'),('a08cb91cd28a45ed827f56c0f41b29d2','b1f9ce5543a049be9f169a3f5e6b72a8','3f26102ef0e04c3c9328cb97067cc5fa'),('a0d9d14ace014d429d0e28b350ae2fa8','482aac67013449478919e2783e0f7dd9','f5a20c82110b4a3ea9e30ca01a038680'),('a2d69411714e4996b4b12431181b627f','6e9923a1a83d4f768d46d6551d4d4d19','488ef1eff57b4827acade7c0744278ce'),('a3d48e58682e401798acb90fa157f609','482aac67013449478919e2783e0f7dd9','5'),('a50e99ceab4e44afadad41019c2e1101','6e9923a1a83d4f768d46d6551d4d4d19','42dd5ae31e3a43b3a197440e8ec19a94'),('a53f3f4e4ece4ff6a9b196e2a0d6ee85','d501cd0cfeb44d5889f6c2c561daf492','2'),('a56a025c48a046eea0d6995b7db74350','b1f9ce5543a049be9f169a3f5e6b72a8','4e816a9854714d24b0413d929d637a2b'),('a68c67ba6a5642be969ec4271104a94f','6e9923a1a83d4f768d46d6551d4d4d19','4253190001c1480fb0d631d64d150535'),('aad569e80d844cfe92f5a675f04baf22','d501cd0cfeb44d5889f6c2c561daf492','3f26102ef0e04c3c9328cb97067cc5fa'),('abb3554c6a2e47bea0e024620b455de4','6e9923a1a83d4f768d46d6551d4d4d19','1db9105008404a3485b6fac30dba3c0e'),('abc50a6e3ee34c33b43b7c2679b4cc6a','b1f9ce5543a049be9f169a3f5e6b72a8','915c309ebe5047b68645b3eb777dd8c9'),('ade37e137b3f47f1ac5ed60b19666169','482aac67013449478919e2783e0f7dd9','42dd5ae31e3a43b3a197440e8ec19a94'),('ae6dcab535cb41caa256538de4ab67c8','d501cd0cfeb44d5889f6c2c561daf492','d2bc30feb5474a1bb7e02d48d39a3f8a'),('b04d5371de1c45b398d07c6f4df93344','6ca06ac0d8bb4fe9bb26af1d838c6a8c','686630c7cb624cc786dcdc9958971a6b'),('b080523329364775a7952c541ac28f2f','d501cd0cfeb44d5889f6c2c561daf492','60dda993d87647f5989c15f14f866df9'),('b13ebf31bec6432095152a21e1ca1930','6e9923a1a83d4f768d46d6551d4d4d19','915c309ebe5047b68645b3eb777dd8c9'),('b4297552296b4289ab58454ef36b0247','b1f9ce5543a049be9f169a3f5e6b72a8','649b484b58414d91aefa5a26143e6557'),('b541b397d53d4affa8e5726ee84bfaaa','6e9923a1a83d4f768d46d6551d4d4d19','5'),('b8a4d851440144779d3db8de09b8f2f9','b1f9ce5543a049be9f169a3f5e6b72a8','5bb55dd90ba44db39d6e3d7f3f316af0'),('bba608199c274518bce3a5846205da03','6e9923a1a83d4f768d46d6551d4d4d19','d2bc30feb5474a1bb7e02d48d39a3f8a'),('bd22ffc771e344df9707fa54af336bbb','d501cd0cfeb44d5889f6c2c561daf492','0818e1c76bbd44eba3a698547ec4e637'),('bd2ad2ef629e478cbcb96bd33c082dcd','482aac67013449478919e2783e0f7dd9','363a778e78a346a68210b2590163a943'),('befbdf2f3cd548d69cb2b035d0497de8','b1f9ce5543a049be9f169a3f5e6b72a8','10'),('bf2274b74aca418d97407a15dc0620f3','482aac67013449478919e2783e0f7dd9','2'),('c38b6a5020f748b5bfd31bbcf5ab8f6e','482aac67013449478919e2783e0f7dd9','dc5f478d98ed4297a8ae638fe90df050'),('c4c91ec3cfe846fbaeaa551ad0b87bb0','6ca06ac0d8bb4fe9bb26af1d838c6a8c','1db9105008404a3485b6fac30dba3c0e'),('c926b835363045a4946a2fbf231ef212','6ca06ac0d8bb4fe9bb26af1d838c6a8c','d2bc30feb5474a1bb7e02d48d39a3f8a'),('cccd18dd0072440a84da436c83890856','482aac67013449478919e2783e0f7dd9','1'),('ccf4add8407d44d1a436e02dc7fed6a0','6e9923a1a83d4f768d46d6551d4d4d19','f5a20c82110b4a3ea9e30ca01a038680'),('d077f4120ec64b2ea841addaa93644c1','6e9923a1a83d4f768d46d6551d4d4d19','a73802e513cc4465883530ec8074abbb'),('d18fec3bc3b9402a918bb73b1dfa68e5','482aac67013449478919e2783e0f7dd9','4'),('d2e7bfd42ad64dd4b42d3582eacce658','b1f9ce5543a049be9f169a3f5e6b72a8','3'),('d6825996de4940bdbfb8139ab08c119c','6e9923a1a83d4f768d46d6551d4d4d19','3'),('d799ed2a59ef413dabac6efa69531e3b','d501cd0cfeb44d5889f6c2c561daf492','f899f3d3baec4571b1c786717f9906fd'),('d929ceac61a94ff88c6c9781329c43ed','d501cd0cfeb44d5889f6c2c561daf492','686630c7cb624cc786dcdc9958971a6b'),('da9d5850fcbf474296e709090c67347d','d501cd0cfeb44d5889f6c2c561daf492','363a778e78a346a68210b2590163a943'),('db4516e437134e8492a84646ed2aea13','6e9923a1a83d4f768d46d6551d4d4d19','f899f3d3baec4571b1c786717f9906fd'),('dbd229ab032241608f5a2156e7920648','d501cd0cfeb44d5889f6c2c561daf492','b4e7232189b14cf3ba160cf7b0d3bf37'),('e2b1d9ac175e43e68235ca1dd1438d29','d501cd0cfeb44d5889f6c2c561daf492','dc5f478d98ed4297a8ae638fe90df050'),('e46f958830644618a28274a3b4aefbd8','d501cd0cfeb44d5889f6c2c561daf492','1db9105008404a3485b6fac30dba3c0e'),('e61de1ff1ee2466fb280188542c991e0','d501cd0cfeb44d5889f6c2c561daf492','3fb6a7a5935b4efabf3de82e7e1baeb6'),('e7b9d603a1174599ab08907c3464c429','6e9923a1a83d4f768d46d6551d4d4d19','686630c7cb624cc786dcdc9958971a6b'),('e96758c9c13a4319892c7df4ec8690a8','482aac67013449478919e2783e0f7dd9','79d78b8357174cac8f44abd275dec597'),('ec72f69acc494fe092ec1c2d3c619f43','6e9923a1a83d4f768d46d6551d4d4d19','0c9b5fc8b44b41d1871a8fc8300247ec'),('ecd60c9d2e44443bb4d3143a4f11707d','482aac67013449478919e2783e0f7dd9','0c9b5fc8b44b41d1871a8fc8300247ec'),('ee7ac0d2646848ddad534c4ef0e30f42','b1f9ce5543a049be9f169a3f5e6b72a8','79d78b8357174cac8f44abd275dec597'),('ef02f9ddcef14fed8d477a90d1ad7705','b1f9ce5543a049be9f169a3f5e6b72a8','a73802e513cc4465883530ec8074abbb'),('ef86d268b0ca403b947120ca633abaae','b1f9ce5543a049be9f169a3f5e6b72a8','4'),('f5c907cf069e4d538b3d406687cd1d8a','482aac67013449478919e2783e0f7dd9','488ef1eff57b4827acade7c0744278ce'),('fc88ece9c0e94b8a8d7d4d93b8908e3e','b1f9ce5543a049be9f169a3f5e6b72a8','661a1f4a6ec94fa89ec6f90ce77a8eb3'),('fd08bff9a7af4899a902c34580fdc7a1','d501cd0cfeb44d5889f6c2c561daf492','a5ebf29168234406939856bc6890c86b'),('fd943f6c1d164ed1abffbeac7a2be2ca','6ca06ac0d8bb4fe9bb26af1d838c6a8c','a5ebf29168234406939856bc6890c86b');

/*Table structure for table `sys_setting` */

DROP TABLE IF EXISTS `sys_setting`;

CREATE TABLE `sys_setting` (
  `Id` varchar(50) NOT NULL COMMENT '主键',
  `sysKey` varchar(50) NOT NULL COMMENT 'KEY',
  `sysName` varchar(50) NOT NULL COMMENT '名称',
  `sysValue` varchar(300) DEFAULT NULL COMMENT '值',
  `sort` int(11) DEFAULT '0' COMMENT '排序',
  `sysDesc` varchar(300) DEFAULT NULL COMMENT '说明',
  PRIMARY KEY (`Id`)
) ENGINE=InnoDB DEFAULT CHARSET=utf8 COMMENT='系统设置表';

/*Data for the table `sys_setting` */

insert  into `sys_setting`(`Id`,`sysKey`,`sysName`,`sysValue`,`sort`,`sysDesc`) values ('1','systemName','系统名称','AdminLTE-admin',0,NULL),('2','systemSubName','系统简称','AD',1,NULL),('3','bottomCopyright','许可说明','Copyright © 2017 米粒电商. All rights reserved.',2,NULL);

/*Table structure for table `sys_user` */

DROP TABLE IF EXISTS `sys_user`;

CREATE TABLE `sys_user` (
  `id` varchar(50) NOT NULL COMMENT '主键',
  `userName` varchar(50) NOT NULL COMMENT '用户名',
  `password` varchar(50) NOT NULL COMMENT '密码',
  `userState` int(2) NOT NULL DEFAULT '1' COMMENT '用户状态,1-启用,-1禁用',
  `createTime` datetime DEFAULT NULL COMMENT '创建时间',
  `userDesc` varchar(300) DEFAULT NULL COMMENT '描述',
  `userImg` varchar(300) DEFAULT 'http://news.mydrivers.com/Img/20110518/04481549.png' COMMENT '头像',
  `deptId` varchar(50) DEFAULT NULL COMMENT '部门主键',
  PRIMARY KEY (`id`)
) ENGINE=InnoDB DEFAULT CHARSET=utf8 COMMENT='用户表';

/*Data for the table `sys_user` */

insert  into `sys_user`(`id`,`userName`,`password`,`userState`,`createTime`,`userDesc`,`userImg`,`deptId`) values ('335abede3bf74a99856e25b2e2818d7f','你好','32f3ecfcf8b74ba8c3424b09913f71c4',1,'2018-02-02 11:24:47','fdsfds','http://news.mydrivers.com/Img/20110518/04481549.png',NULL),('406b5e8ff862494ba6b09c9b2373d1b8','eadasdas','f953b8cb7905c4f1a7eca90aaeac088d',1,'2018-02-02 11:23:21','fsfdsfdsfds','http://news.mydrivers.com/Img/20110518/04481549.png',NULL),('b5a0647bc90d4d98af23b2a298929c35','fdsfdsfds','af466e7d2b19c164234c5329c9ec17bc',1,'2018-02-02 10:16:34','fsdfdsfds','http://news.mydrivers.com/Img/20110518/04481549.png',NULL),('c79ba431f9f74dfbae585b87b0cde933','admin','0cb506c8c95a66e87c463bf1a270446c',1,'2017-09-14 15:02:17','xxxfdsfds','http://news.mydrivers.com/Img/20110518/04481549.png','15234e8bceb949bf89b1cbe8239c07f6'),('e44d2b9fd2394fba99db1aac8706da74','test','505f1793db87ca593cdd000b48260a88',0,'2017-09-14 15:44:51','xxxtttt','http://news.mydrivers.com/Img/20110518/04481549.png','15234e8bceb949bf89b1cbe8239c07f6');

/*Table structure for table `sys_user_role` */

DROP TABLE IF EXISTS `sys_user_role`;

CREATE TABLE `sys_user_role` (
  `Id` varchar(50) NOT NULL COMMENT '主键',
  `userId` varchar(50) NOT NULL COMMENT '用户主键',
  `roleId` varchar(50) NOT NULL COMMENT '角色主键',
  PRIMARY KEY (`Id`)
) ENGINE=InnoDB DEFAULT CHARSET=utf8 COMMENT='用户角色关联表';

/*Data for the table `sys_user_role` */

insert  into `sys_user_role`(`Id`,`userId`,`roleId`) values ('00d5df356ca545cf9ad552f23f2d7be6','8e4002d9b50643feabc6804299153862','b1f9ce5543a049be9f169a3f5e6b72a8'),('08ffca25645f4f1fb31a5b68ff90f6fa','406b5e8ff862494ba6b09c9b2373d1b8','b1f9ce5543a049be9f169a3f5e6b72a8'),('0cf64d77aeea4f2f850654bc872d0e7a','b5a0647bc90d4d98af23b2a298929c35','482aac67013449478919e2783e0f7dd9'),('1d8adf439bce4b3aa4f8c680d46d170c','c79ba431f9f74dfbae585b87b0cde933','b1f9ce5543a049be9f169a3f5e6b72a8'),('1e922a6a430e450690cf3a18ca21faa6','335abede3bf74a99856e25b2e2818d7f','6e9923a1a83d4f768d46d6551d4d4d19'),('2691138161ab4c5e8b044cddac81e22f','b5a0647bc90d4d98af23b2a298929c35','6e9923a1a83d4f768d46d6551d4d4d19'),('29ee9e53c2204a209982c460d8572b21','3568b1c7c7b842b8b0a5f47032ac14be','b1f9ce5543a049be9f169a3f5e6b72a8'),('2e87b8dc5b9e4afd9196fbde2422d55f','3568b1c7c7b842b8b0a5f47032ac14be','6e9923a1a83d4f768d46d6551d4d4d19'),('302dc165697f411991d9c808df64df54','e44d2b9fd2394fba99db1aac8706da74','b1f9ce5543a049be9f169a3f5e6b72a8'),('6fc74723b90c4f16a9634e1742bea83c','9f51ddc024ce4d7e81468a2caa616fce','482aac67013449478919e2783e0f7dd9'),('707a363ffc2f46a98fa66b5ce9808967','e8ba7eb73d604b3ba7e6fff85bb34cc9','b1f9ce5543a049be9f169a3f5e6b72a8'),('9677ab92141245d1a77a8938ebe745ba','a0fb62a27d3a45b889e8fd7c04c92dae','b1f9ce5543a049be9f169a3f5e6b72a8'),('9cdb93a5b56244ce8157070ef6ca0e7e','406b5e8ff862494ba6b09c9b2373d1b8','6ca06ac0d8bb4fe9bb26af1d838c6a8c'),('a233cf973a28483a8fadf39085189f6a','b5a0647bc90d4d98af23b2a298929c35','b1f9ce5543a049be9f169a3f5e6b72a8'),('a33f820e94474cd69652f3e0f0a3c9d1','e44d2b9fd2394fba99db1aac8706da74','97717411c6bd4200a1643a4aed6d25f2'),('bebea37cdb9c4065b702e33584dc418f','335abede3bf74a99856e25b2e2818d7f','b1f9ce5543a049be9f169a3f5e6b72a8'),('ca6d61128017410fb99cb8ed425c1302','e44d2b9fd2394fba99db1aac8706da74','6e9923a1a83d4f768d46d6551d4d4d19'),('f79f763f15b94ac2ac99d1b0f283b903','e44d2b9fd2394fba99db1aac8706da74','6ca06ac0d8bb4fe9bb26af1d838c6a8c');

/*Table structure for table `tb_test` */

DROP TABLE IF EXISTS `tb_test`;

CREATE TABLE `tb_test` (
  `id` varchar(50) NOT NULL,
  `name` varchar(255) DEFAULT NULL,
  `age` int(11) DEFAULT NULL,
  `birth` date DEFAULT NULL,
  `state` int(11) DEFAULT NULL,
  `file` varchar(255) DEFAULT NULL,
  `price` float DEFAULT NULL,
  `textDesc` text,
  PRIMARY KEY (`id`)
) ENGINE=InnoDB DEFAULT CHARSET=utf8;

/*Data for the table `tb_test` */

insert  into `tb_test`(`id`,`name`,`age`,`birth`,`state`,`file`,`price`,`textDesc`) values ('1','张三xxx',18,'2017-09-18',1,'',50,'fsdfdsffdsfdsfds'),('6b3d9f5cd2494635b9d5cfb7cfbbe2d0','李四',16,NULL,1,'',2222,NULL);

/*!40101 SET SQL_MODE=@OLD_SQL_MODE */;
/*!40014 SET FOREIGN_KEY_CHECKS=@OLD_FOREIGN_KEY_CHECKS */;
/*!40014 SET UNIQUE_CHECKS=@OLD_UNIQUE_CHECKS */;
/*!40111 SET SQL_NOTES=@OLD_SQL_NOTES */;
