/*
SQLyog Ultimate v11.24 (32 bit)
MySQL - 5.5.54 : Database - vue-admin
*********************************************************************
*/

/*!40101 SET NAMES utf8 */;

/*!40101 SET SQL_MODE=''*/;

/*!40014 SET @OLD_UNIQUE_CHECKS=@@UNIQUE_CHECKS, UNIQUE_CHECKS=0 */;
/*!40014 SET @OLD_FOREIGN_KEY_CHECKS=@@FOREIGN_KEY_CHECKS, FOREIGN_KEY_CHECKS=0 */;
/*!40101 SET @OLD_SQL_MODE=@@SQL_MODE, SQL_MODE='NO_AUTO_VALUE_ON_ZERO' */;
/*!40111 SET @OLD_SQL_NOTES=@@SQL_NOTES, SQL_NOTES=0 */;
/*Table structure for table `tb_blog` */

DROP TABLE IF EXISTS `tb_blog`;

CREATE TABLE `tb_blog` (
  `id` varchar(50) NOT NULL COMMENT '主键',
  `title` varchar(200) DEFAULT NULL COMMENT '标题',
  `content` varchar(500) DEFAULT NULL COMMENT '内容',
  `userId` varchar(50) DEFAULT NULL COMMENT '作者',
  `createTime` datetime DEFAULT NULL COMMENT '创建时间',
  PRIMARY KEY (`id`)
) ENGINE=InnoDB DEFAULT CHARSET=utf8;

/*Data for the table `tb_blog` */

insert  into `tb_blog`(`id`,`title`,`content`,`userId`,`createTime`) values ('1c6732d554044385837ba956112a252a','呵呵','哈哈','uidxxx','2017-06-09 09:53:10'),('436bfa2df0fe4b65b126dec65b3efb34','测试','测试内容','09c63f873a9e472ca464accb61cd5e51','2016-12-30 11:16:31'),('45e3d28b04774f48b8be0206a90cffe8','机构和计划','发的','uidxxx','2017-06-20 11:45:51'),('52d47feaf7404c818255e5ae021eacab','测试','测试内容','09c63f873a9e472ca464accb61cd5e51','2016-12-30 11:16:18'),('5a8d876cfe164695b5543091f7a91629','呵呵','哈哈','uidxxx','2017-06-09 10:27:40'),('7177a02736ed4985b4fc74a356a7b96e','测试','测试内容','09c63f873a9e472ca464accb61cd5e51','2016-12-30 11:16:30'),('72142bfdfbb84bd793e9dd8e961f3518','测试','测试内容','09c63f873a9e472ca464accb61cd5e51','2016-12-30 11:16:21'),('8f2b518ffb9645dc8e36030fa6cd2181','更多发挥','广告费','uidxxx','2017-06-20 11:25:20'),('e975e62814d04264bf97793ca71609fb','呵呵','哈哈',NULL,'2017-06-09 09:52:36');

/*Table structure for table `tb_log` */

DROP TABLE IF EXISTS `tb_log`;

CREATE TABLE `tb_log` (
  `id` varchar(50) NOT NULL COMMENT '主键',
  `logTitle` varchar(100) DEFAULT NULL COMMENT '日志标题',
  `logContent` varchar(300) DEFAULT NULL COMMENT '日志内容',
  `clientIp` varchar(50) DEFAULT NULL COMMENT 'IP',
  `logTime` datetime DEFAULT NULL COMMENT '时间',
  `requestMethod` varchar(50) DEFAULT NULL COMMENT '请求方式',
  `requestParams` text COMMENT '参数',
  `other` varchar(300) DEFAULT NULL COMMENT '其他数据',
  `userName` varchar(50) DEFAULT NULL COMMENT '用户名',
  `logUrl` text COMMENT '日志URL',
  PRIMARY KEY (`id`)
) ENGINE=InnoDB DEFAULT CHARSET=utf8;

/*Data for the table `tb_log` */

insert  into `tb_log`(`id`,`logTitle`,`logContent`,`clientIp`,`logTime`,`requestMethod`,`requestParams`,`other`,`userName`,`logUrl`) values ('00db34771cda4df987eeb6e84f75940e','','编辑用户','192.168.245.1','2018-01-30 14:51:16','PUT','{\"password\":[\"\"],\"userStatus\":[\"1\"],\"password2\":[\"\"],\"userDesc\":[\"dasdasdasdsa\"],\"id\":[\"21f196723b47415e8042e34f2bffa3e2\"],\"userName\":[\"aaaaa\"],\"roleIds[]\":[\"71dbb93ee0f14119a86ca9d241051516\",\"80f5b7ac3a8f4044bb9f6219877d185e\",\"ee256e650d794a94a9a2d86e7d0b590c\"]}',NULL,NULL,'/vue-admin/user/edit?userName=aaaaa&password=&password2=&userStatus=1&userDesc=dasdasdasdsa&roleIds[]=71dbb93ee0f14119a86ca9d241051516&roleIds[]=80f5b7ac3a8f4044bb9f6219877d185e&roleIds[]=ee256e650d794a94a9a2d86e7d0b590c&id=21f196723b47415e8042e34f2bffa3e2'),('017986ec1c5641378bbc547ac03a1924','','delete','192.168.245.1','2018-01-30 14:49:18','DELETE','{}',NULL,NULL,'/vue-admin/role/71dbb93ee0f14119a86ca9d241051516?null'),('01f762940cb94ce8bb2af60fdd5f07e2','','编辑用户','192.168.245.1','2018-01-30 14:39:19','PUT','{\"password\":[\"\"],\"userStatus\":[\"0\"],\"password2\":[\"\"],\"userDesc\":[\"aaaaa\"],\"id\":[\"09c63f873a9e472ca464accb61cd5e51\"],\"userName\":[\"test\"],\"roleIds[]\":[\"71dbb93ee0f14119a86ca9d241051516\",\"80f5b7ac3a8f4044bb9f6219877d185e\",\"ee256e650d794a94a9a2d86e7d0b590c\"]}',NULL,NULL,'/vue-admin/user/edit?userName=test&password=&password2=&userStatus=0&userDesc=aaaaa&roleIds[]=71dbb93ee0f14119a86ca9d241051516&roleIds[]=80f5b7ac3a8f4044bb9f6219877d185e&roleIds[]=ee256e650d794a94a9a2d86e7d0b590c&id=09c63f873a9e472ca464accb61cd5e51'),('03619a4db5cc40ac9c4b3eae2bb3fb0f','','batch delete','192.168.245.1','2018-01-29 09:43:21','DELETE','{\"ids\":[\"aec4990b8db1468a993147c3a1a32d19,b34f0cc6c91e4eceabf18947bfef3223,c3046a5cc6a440509eb83a17cd3b8554,d95c1788e9b4451f9f4ce67a121c1a81,e0b676b48248462a96053f5ee27675e4,e26e146e138c4254a5cfd129ec48cde2,ee66a5ac88f14ef59434d99ba0677c44,ee8c537e80674ac6bb17312d09007253,f1b390850be54717af6a2d8d9aabb788,f43c91608aa444b6b280a4c1dd1aa6e2\"]}',NULL,NULL,'/vue-admin/role/del/batch?ids=aec4990b8db1468a993147c3a1a32d19,b34f0cc6c91e4eceabf18947bfef3223,c3046a5cc6a440509eb83a17cd3b8554,d95c1788e9b4451f9f4ce67a121c1a81,e0b676b48248462a96053f5ee27675e4,e26e146e138c4254a5cfd129ec48cde2,ee66a5ac88f14ef59434d99ba0677c44,ee8c537e80674ac6bb17312d09007253,f1b390850be54717af6a2d8d9aabb788,f43c91608aa444b6b280a4c1dd1aa6e2'),('0c231c5ac59c4679b4040814f9274699','','update','192.168.245.1','2018-01-30 12:22:16','PUT','{\"password\":[\"\"],\"userStatus\":[\"1\"],\"userDesc\":[\"fdsfdsfdsfdfdsfd\"],\"password2\":[\"\"],\"id\":[\"9cb7a91435f1487cad0e9699972cb4e6\"],\"userName\":[\"dsf\"]}',NULL,NULL,'/vue-admin/user?id=9cb7a91435f1487cad0e9699972cb4e6&userName=dsf&password=&userDesc=fdsfdsfdsfdfdsfd&userStatus=1&password2='),('0e286e787a8b45c38fe73905a6d21ae1','','编辑用户','192.168.245.1','2018-01-30 14:43:46','PUT','{\"password\":[\"\"],\"userStatus\":[\"1\"],\"password2\":[\"\"],\"userDesc\":[\"sdfdsfdsfdsrewrewrew\"],\"id\":[\"7f9933e41ca944d6ba1a4cb96a64d3b7\"],\"userName\":[\"frtsfdsfds\"],\"roleIds[]\":[\"ee256e650d794a94a9a2d86e7d0b590c\",\"71dbb93ee0f14119a86ca9d241051516\",\"80f5b7ac3a8f4044bb9f6219877d185e\"]}',NULL,NULL,'/vue-admin/user/edit?userName=frtsfdsfds&password=&password2=&userStatus=1&userDesc=sdfdsfdsfdsrewrewrew&roleIds[]=ee256e650d794a94a9a2d86e7d0b590c&roleIds[]=71dbb93ee0f14119a86ca9d241051516&roleIds[]=80f5b7ac3a8f4044bb9f6219877d185e&id=7f9933e41ca944d6ba1a4cb96a64d3b7'),('118a06e7db40450f821c04260ed32c98',NULL,NULL,NULL,NULL,NULL,NULL,NULL,NULL,NULL),('14f4f31a7b48436da4be55a74606d22d','','分配权限','192.168.245.1','2018-01-30 12:21:16','POST','{\"menuIds[]\":[\"3\",\"1db9105008404a3485b6fac30dba3c0e\",\"60dda993d87647f5989c15f14f866df9\",\"686630c7cb624cc786dcdc9958971a6b\",\"b4e7232189b14cf3ba160cf7b0d3bf37\",\"a5ebf29168234406939856bc6890c86b\",\"f899f3d3baec4571b1c786717f9906fd\"],\"roleId\":[\"80f5b7ac3a8f4044bb9f6219877d185e\"]}',NULL,NULL,'/vue-admin/role/doAuth?roleId=80f5b7ac3a8f4044bb9f6219877d185e&menuIds[]=3&menuIds[]=1db9105008404a3485b6fac30dba3c0e&menuIds[]=60dda993d87647f5989c15f14f866df9&menuIds[]=686630c7cb624cc786dcdc9958971a6b&menuIds[]=b4e7232189b14cf3ba160cf7b0d3bf37&menuIds[]=a5ebf29168234406939856bc6890c86b&menuIds[]=f899f3d3baec4571b1c786717f9906fd'),('26a26838b84342f6a3578e55d6e476c5','','编辑用户','192.168.245.1','2018-01-30 14:44:52','PUT','{\"password\":[\"\"],\"userStatus\":[\"1\"],\"password2\":[\"\"],\"userDesc\":[\"sssasa\"],\"id\":[\"e986ee99cfb240b882b6b894f6b32e90\"],\"userName\":[\"aaaxxx\"],\"roleIds[]\":[\"80f5b7ac3a8f4044bb9f6219877d185e\",\"5fcd197a8eba4fc8abb77f732a65f8cc\",\"65449f5c8c6a4e76938227ca1b3ff4b4\"]}',NULL,NULL,'/vue-admin/user/edit?userName=aaaxxx&password=&password2=&userStatus=1&userDesc=sssasa&roleIds[]=80f5b7ac3a8f4044bb9f6219877d185e&roleIds[]=5fcd197a8eba4fc8abb77f732a65f8cc&roleIds[]=65449f5c8c6a4e76938227ca1b3ff4b4&id=e986ee99cfb240b882b6b894f6b32e90'),('26e89698a58f4ceca7fa65457a2b8c71','','delete','192.168.245.1','2018-01-29 09:43:14','DELETE','{}',NULL,NULL,'/vue-admin/role/790e5da14b2c4dcc8520f351ed2dbfd4?null'),('29b789545ac84a13b890f2232c5d0ded','','编辑用户','192.168.245.1','2018-01-30 14:43:41','PUT','{\"password\":[\"rewrew\"],\"userStatus\":[\"1\"],\"password2\":[\"rewrewrew\"],\"userDesc\":[\"fdsfdsfdsfdfdsfd\"],\"id\":[\"9cb7a91435f1487cad0e9699972cb4e6\"],\"userName\":[\"dsf\"]}',NULL,NULL,'/vue-admin/user/edit?userName=dsf&password=rewrew&password2=rewrewrew&userStatus=1&userDesc=fdsfdsfdsfdfdsfd&id=9cb7a91435f1487cad0e9699972cb4e6'),('2f1f62b78e294641a1cc99667cb00e71','','batch delete','192.168.245.1','2018-01-29 09:43:24','DELETE','{\"ids\":[\"fe1c4e043a9b489d998f057d817f3346\"]}',NULL,NULL,'/vue-admin/role/del/batch?ids=fe1c4e043a9b489d998f057d817f3346'),('399e59f8fed04a5599e3278271a2c7d4','','编辑用户','192.168.245.1','2018-01-30 14:44:50','PUT','{\"password\":[\"\"],\"userStatus\":[\"1\"],\"password2\":[\"\"],\"userDesc\":[\"sssasa\"],\"id\":[\"e986ee99cfb240b882b6b894f6b32e90\"],\"userName\":[\"aaaxxx\"],\"roleIds[]\":[\"5fcd197a8eba4fc8abb77f732a65f8cc\",\"80f5b7ac3a8f4044bb9f6219877d185e\",\"65449f5c8c6a4e76938227ca1b3ff4b4\"]}',NULL,NULL,'/vue-admin/user/edit?userName=aaaxxx&password=&password2=&userStatus=1&userDesc=sssasa&roleIds[]=5fcd197a8eba4fc8abb77f732a65f8cc&roleIds[]=80f5b7ac3a8f4044bb9f6219877d185e&roleIds[]=65449f5c8c6a4e76938227ca1b3ff4b4&id=e986ee99cfb240b882b6b894f6b32e90'),('4e0608a0cd2b4fbb8c762c29b0e67027','','update','192.168.245.1','2018-01-30 13:41:48','PUT','{\"password\":[\"\"],\"userStatus\":[\"1\"],\"userDesc\":[\"dasdsadas\"],\"password2\":[\"\"],\"id\":[\"22b9f1ba85364bf08418a7fcf3c8214b\"],\"userName\":[\"dsadsa\"]}',NULL,NULL,'/vue-admin/user?id=22b9f1ba85364bf08418a7fcf3c8214b&userName=dsadsa&password=&userDesc=dasdsadas&userStatus=1&password2='),('5cd8ea168251419a88ea239ab301af68','','编辑用户','192.168.245.1','2018-01-30 14:39:38','PUT','{\"password\":[\"\"],\"userStatus\":[\"1\"],\"password2\":[\"\"],\"userDesc\":[\"dasdasdasdsa\"],\"id\":[\"21f196723b47415e8042e34f2bffa3e2\"],\"userName\":[\"aaaaa\"],\"roleIds[]\":[\"71dbb93ee0f14119a86ca9d241051516\",\"80f5b7ac3a8f4044bb9f6219877d185e\",\"ee256e650d794a94a9a2d86e7d0b590c\"]}',NULL,NULL,'/vue-admin/user/edit?userName=aaaaa&password=&password2=&userStatus=1&userDesc=dasdasdasdsa&roleIds[]=71dbb93ee0f14119a86ca9d241051516&roleIds[]=80f5b7ac3a8f4044bb9f6219877d185e&roleIds[]=ee256e650d794a94a9a2d86e7d0b590c&id=21f196723b47415e8042e34f2bffa3e2'),('5f1d342fddb5450f953706916bda1a2e','','add','192.168.245.1','2018-01-29 11:51:31','POST','{\"roleName\":[\"ed\"],\"roleDesc\":[\"是\"]}',NULL,NULL,'/vue-admin/role?roleName=ed&roleDesc=%E6%98%AF'),('6223cba023af4421ade6ff6f5051c1ff','','delete','192.168.245.1','2018-01-29 11:51:36','DELETE','{}',NULL,NULL,'/vue-admin/role/8c144a7ca0f84ac1a9d7921b85f4d224?null'),('656a0b6b1eff4044b4fd384d812f59d0','','分配权限','192.168.245.1','2018-01-30 12:21:18','POST','{\"menuIds[]\":[\"3\",\"1db9105008404a3485b6fac30dba3c0e\",\"60dda993d87647f5989c15f14f866df9\",\"686630c7cb624cc786dcdc9958971a6b\",\"b4e7232189b14cf3ba160cf7b0d3bf37\",\"a5ebf29168234406939856bc6890c86b\",\"f899f3d3baec4571b1c786717f9906fd\"],\"roleId\":[\"80f5b7ac3a8f4044bb9f6219877d185e\"]}',NULL,NULL,'/vue-admin/role/doAuth?roleId=80f5b7ac3a8f4044bb9f6219877d185e&menuIds[]=3&menuIds[]=1db9105008404a3485b6fac30dba3c0e&menuIds[]=60dda993d87647f5989c15f14f866df9&menuIds[]=686630c7cb624cc786dcdc9958971a6b&menuIds[]=b4e7232189b14cf3ba160cf7b0d3bf37&menuIds[]=a5ebf29168234406939856bc6890c86b&menuIds[]=f899f3d3baec4571b1c786717f9906fd'),('682f2f849bbe467faf6fee4c7c1e78f0','','delete','192.168.245.1','2018-01-29 09:43:17','DELETE','{}',NULL,NULL,'/vue-admin/role/8d89f1ef813040cea561a3b30228b8cf?null'),('68537d3d649f409d9533dfe83fa08188','','编辑用户','192.168.245.1','2018-01-30 14:51:20','PUT','{\"password\":[\"\"],\"userStatus\":[\"1\"],\"password2\":[\"\"],\"userDesc\":[\"dasdasdasdsa\"],\"id\":[\"21f196723b47415e8042e34f2bffa3e2\"],\"userName\":[\"aaaaa\"],\"roleIds[]\":[\"80f5b7ac3a8f4044bb9f6219877d185e\",\"ee256e650d794a94a9a2d86e7d0b590c\"]}',NULL,NULL,'/vue-admin/user/edit?userName=aaaaa&password=&password2=&userStatus=1&userDesc=dasdasdasdsa&roleIds[]=80f5b7ac3a8f4044bb9f6219877d185e&roleIds[]=ee256e650d794a94a9a2d86e7d0b590c&id=21f196723b47415e8042e34f2bffa3e2'),('736373a931854f2a9f498302b30be436','','分配权限','192.168.245.1','2018-01-30 12:21:18','POST','{\"menuIds[]\":[\"3\",\"1db9105008404a3485b6fac30dba3c0e\",\"60dda993d87647f5989c15f14f866df9\",\"686630c7cb624cc786dcdc9958971a6b\",\"b4e7232189b14cf3ba160cf7b0d3bf37\",\"a5ebf29168234406939856bc6890c86b\",\"f899f3d3baec4571b1c786717f9906fd\"],\"roleId\":[\"80f5b7ac3a8f4044bb9f6219877d185e\"]}',NULL,NULL,'/vue-admin/role/doAuth?roleId=80f5b7ac3a8f4044bb9f6219877d185e&menuIds[]=3&menuIds[]=1db9105008404a3485b6fac30dba3c0e&menuIds[]=60dda993d87647f5989c15f14f866df9&menuIds[]=686630c7cb624cc786dcdc9958971a6b&menuIds[]=b4e7232189b14cf3ba160cf7b0d3bf37&menuIds[]=a5ebf29168234406939856bc6890c86b&menuIds[]=f899f3d3baec4571b1c786717f9906fd'),('7a62de6d5b314115a4539da5e2ee310d','','add','192.168.245.1','2018-01-29 12:04:05','POST','{\"roleName\":[\"Admin\"],\"roleDesc\":[\"Administator\"]}',NULL,NULL,'/vue-admin/role?roleName=Admin&roleDesc=Administator'),('7ae850739eeb4c73a12989075558bac7','','add','0:0:0:0:0:0:0:1','2018-01-29 10:43:23','POST','{}',NULL,NULL,'/vue-admin/log?null'),('7e4705215fa54d4f84de584a8e3dac00','','新增用户','192.168.245.1','2018-01-30 14:07:48','POST','{\"password\":[\"111\"],\"userStatus\":[\"1\"],\"password2\":[\"111\"],\"userDesc\":[\"sdfdsfdsfds\"],\"userName\":[\"frtsfdsfds\"],\"roleIds[]\":[\"71dbb93ee0f14119a86ca9d241051516\",\"80f5b7ac3a8f4044bb9f6219877d185e\"]}',NULL,NULL,'/vue-admin/user/add?userStatus=1&roleIds[]=71dbb93ee0f14119a86ca9d241051516&roleIds[]=80f5b7ac3a8f4044bb9f6219877d185e&userName=frtsfdsfds&password=111&password2=111&userDesc=sdfdsfdsfds'),('8150a3fa559947b18f3e1bb458601f89','','update','192.168.245.1','2018-01-30 10:46:40','PUT','{\"roleName\":[\"你好\"],\"roleDesc\":[\"哈哈\"],\"id\":[\"ee256e650d794a94a9a2d86e7d0b590c\"]}',NULL,NULL,'/vue-admin/role?id=ee256e650d794a94a9a2d86e7d0b590c&roleName=%E4%BD%A0%E5%A5%BD&roleDesc=%E5%93%88%E5%93%88'),('81bc8af6fafd43d086704a948cf7e618','','编辑用户','192.168.245.1','2018-01-30 14:39:26','PUT','{\"password\":[\"\"],\"userStatus\":[\"0\"],\"password2\":[\"\"],\"userDesc\":[\"aaaaa\"],\"id\":[\"09c63f873a9e472ca464accb61cd5e51\"],\"userName\":[\"test\"],\"roleIds[]\":[\"80f5b7ac3a8f4044bb9f6219877d185e\",\"71dbb93ee0f14119a86ca9d241051516\"]}',NULL,NULL,'/vue-admin/user/edit?userName=test&password=&password2=&userStatus=0&userDesc=aaaaa&roleIds[]=80f5b7ac3a8f4044bb9f6219877d185e&roleIds[]=71dbb93ee0f14119a86ca9d241051516&id=09c63f873a9e472ca464accb61cd5e51'),('832cb6a11f1f44ffb8472428d0bda071','','update','192.168.245.1','2018-01-29 12:03:43','PUT','{\"roleName\":[\"超级管理员\"],\"roleDesc\":[\"所有权限\"],\"id\":[\"80f5b7ac3a8f4044bb9f6219877d185e\"]}',NULL,NULL,'/vue-admin/role?id=80f5b7ac3a8f4044bb9f6219877d185e&roleName=%E8%B6%85%E7%BA%A7%E7%AE%A1%E7%90%86%E5%91%98&roleDesc=%E6%89%80%E6%9C%89%E6%9D%83%E9%99%90'),('8a4b8f98c056419ca1c3271df5a618dc','','add','192.168.245.1','2018-01-29 10:37:32','POST','{\"roleName\":[\"xxxl\"],\"roleDesc\":[\"xdaads\"]}',NULL,NULL,'/vue-admin/role?roleName=xxxl&roleDesc=xdaads'),('978f5417e2d04a2ab2a95f1fb552d08f','','add','192.168.245.1','2018-01-29 09:43:41','POST','{\"roleName\":[\"超级管理员\"],\"roleDesc\":[\"所有权限\"]}',NULL,NULL,'/vue-admin/role?roleName=%E8%B6%85%E7%BA%A7%E7%AE%A1%E7%90%86%E5%91%98&roleDesc=%E6%89%80%E6%9C%89%E6%9D%83%E9%99%90'),('99f3b995c5ce488189ac6c9432c430e5','','delete','192.168.245.1','2018-01-29 09:43:08','DELETE','{}',NULL,NULL,'/vue-admin/role/430e50ef947449a58f739be01d1c8b32?null'),('9d23e851ad914e90adbfd816fc3e6070','','delete','192.168.245.1','2018-01-29 09:43:12','DELETE','{}',NULL,NULL,'/vue-admin/role/7636fed6376d416b8bea266638b40463?null'),('a1348e10294d4d2595d28a4d09cb0044','','编辑用户','192.168.245.1','2018-01-30 14:43:53','PUT','{\"password\":[\"\"],\"userStatus\":[\"1\"],\"password2\":[\"\"],\"userDesc\":[\"fdsfdsfdsfdfdsfd\"],\"id\":[\"9cb7a91435f1487cad0e9699972cb4e6\"],\"userName\":[\"dsf\"],\"roleIds[]\":[\"ee256e650d794a94a9a2d86e7d0b590c\"]}',NULL,NULL,'/vue-admin/user/edit?userName=dsf&password=&password2=&userStatus=1&userDesc=fdsfdsfdsfdfdsfd&roleIds[]=ee256e650d794a94a9a2d86e7d0b590c&id=9cb7a91435f1487cad0e9699972cb4e6'),('a1d5c95894214079b7e75c30d17dd45a','','update','192.168.245.1','2018-01-30 10:46:38','PUT','{\"roleName\":[\"xxxl\"],\"roleDesc\":[\"xdaads\"],\"id\":[\"71dbb93ee0f14119a86ca9d241051516\"]}',NULL,NULL,'/vue-admin/role?id=71dbb93ee0f14119a86ca9d241051516&roleName=xxxl&roleDesc=xdaads'),('a58db35acd424206910bd1c6f2430aef','','编辑用户','192.168.245.1','2018-01-30 14:51:30','PUT','{\"password\":[\"\"],\"userStatus\":[\"0\"],\"password2\":[\"\"],\"userDesc\":[\"aaaaa\"],\"id\":[\"09c63f873a9e472ca464accb61cd5e51\"],\"userName\":[\"test\"],\"roleIds[]\":[\"5fcd197a8eba4fc8abb77f732a65f8cc\"]}',NULL,NULL,'/vue-admin/user/edit?userName=test&password=&password2=&userStatus=0&userDesc=aaaaa&roleIds[]=5fcd197a8eba4fc8abb77f732a65f8cc&id=09c63f873a9e472ca464accb61cd5e51'),('a5b1bb2e8540456c9662518c8b5c4618','','delete','192.168.245.1','2018-01-29 09:43:10','DELETE','{}',NULL,NULL,'/vue-admin/role/5875c297968b4130b8270644dfdc917c?null'),('a94445fe0d5a483c9063ae88047304c9','','分配权限','192.168.245.1','2018-01-30 14:47:46','POST','{\"menuIds[]\":[\"1\",\"2\",\"3\",\"4\",\"5\",\"10\",\"22e38e885f9b40b9aae6a36deb78e89c\",\"f5a20c82110b4a3ea9e30ca01a038680\",\"d2bc30feb5474a1bb7e02d48d39a3f8a\",\"a73802e513cc4465883530ec8074abbb\",\"4253190001c1480fb0d631d64d150535\",\"649b484b58414d91aefa5a26143e6557\",\"4e816a9854714d24b0413d929d637a2b\",\"3fb6a7a5935b4efabf3de82e7e1baeb6\",\"363a778e78a346a68210b2590163a943\",\"79d78b8357174cac8f44abd275dec597\",\"1db9105008404a3485b6fac30dba3c0e\",\"60dda993d87647f5989c15f14f866df9\",\"686630c7cb624cc786dcdc9958971a6b\",\"b4e7232189b14cf3ba160cf7b0d3bf37\",\"a5ebf29168234406939856bc6890c86b\",\"f899f3d3baec4571b1c786717f9906fd\",\"488ef1eff57b4827acade7c0744278ce\",\"3f26102ef0e04c3c9328cb97067cc5fa\",\"dc5f478d98ed4297a8ae638fe90df050\",\"0c9b5fc8b44b41d1871a8fc8300247ec\",\"5d3dd56c16ff4e32aecae1b3228159c7\",\"0818e1c76bbd44eba3a698547ec4e637\",\"915c309ebe5047b68645b3eb777dd8c9\",\"42dd5ae31e3a43b3a197440e8ec19a94\"],\"roleId\":[\"39e96f01bdd1413a9b19c7054a9c763b\"]}',NULL,NULL,'/vue-admin/role/doAuth?roleId=39e96f01bdd1413a9b19c7054a9c763b&menuIds[]=1&menuIds[]=2&menuIds[]=3&menuIds[]=4&menuIds[]=5&menuIds[]=10&menuIds[]=22e38e885f9b40b9aae6a36deb78e89c&menuIds[]=f5a20c82110b4a3ea9e30ca01a038680&menuIds[]=d2bc30feb5474a1bb7e02d48d39a3f8a&menuIds[]=a73802e513cc4465883530ec8074abbb&menuIds[]=4253190001c1480fb0d631d64d150535&menuIds[]=649b484b58414d91aefa5a26143e6557&menuIds[]=4e816a9854714d24b0413d929d637a2b&menuIds[]=3fb6a7a5935b4efabf3de82e7e1baeb6&menuIds[]=363a778e78a346a68210b2590163a943&menuIds[]=79d78b8357174cac8f44abd275dec597&menuIds[]=1db9105008404a3485b6fac30dba3c0e&menuIds[]=60dda993d87647f5989c15f14f866df9&menuIds[]=686630c7cb624cc786dcdc9958971a6b&menuIds[]=b4e7232189b14cf3ba160cf7b0d3bf37&menuIds[]=a5ebf29168234406939856bc6890c86b&menuIds[]=f899f3d3baec4571b1c786717f9906fd&menuIds[]=488ef1eff57b4827acade7c0744278ce&menuIds[]=3f26102ef0e04c3c9328cb97067cc5fa&menuIds[]=dc5f478d98ed4297a8ae638fe90df050&menuIds[]=0c9b5fc8b44b41d1871a8fc8300247ec&menuIds[]=5d3dd56c16ff4e32aecae1b3228159c7&menuIds[]=0818e1c76bbd44eba3a698547ec4e637&menuIds[]=915c309ebe5047b68645b3eb777dd8c9&menuIds[]=42dd5ae31e3a43b3a197440e8ec19a94'),('ae46314912ce4502aa9e1b7056438400','','分配权限','192.168.245.1','2018-01-30 12:21:29','POST','{\"menuIds[]\":[\"3\",\"649b484b58414d91aefa5a26143e6557\",\"1db9105008404a3485b6fac30dba3c0e\",\"60dda993d87647f5989c15f14f866df9\",\"686630c7cb624cc786dcdc9958971a6b\",\"b4e7232189b14cf3ba160cf7b0d3bf37\",\"a5ebf29168234406939856bc6890c86b\",\"f899f3d3baec4571b1c786717f9906fd\"],\"roleId\":[\"80f5b7ac3a8f4044bb9f6219877d185e\"]}',NULL,NULL,'/vue-admin/role/doAuth?roleId=80f5b7ac3a8f4044bb9f6219877d185e&menuIds[]=3&menuIds[]=649b484b58414d91aefa5a26143e6557&menuIds[]=1db9105008404a3485b6fac30dba3c0e&menuIds[]=60dda993d87647f5989c15f14f866df9&menuIds[]=686630c7cb624cc786dcdc9958971a6b&menuIds[]=b4e7232189b14cf3ba160cf7b0d3bf37&menuIds[]=a5ebf29168234406939856bc6890c86b&menuIds[]=f899f3d3baec4571b1c786717f9906fd'),('b1001f1812584ff595f6978f8e29e7ff','','编辑用户','192.168.245.1','2018-01-30 14:43:20','PUT','{\"password\":[\"\"],\"userStatus\":[\"1\"],\"password2\":[\"\"],\"userDesc\":[\"张三负责系统的委会和开发工作。\"],\"id\":[\"629ba7eb1d8944d2873ecfc6896288e7\"],\"userName\":[\"zhangsan\"]}',NULL,NULL,'/vue-admin/user/edit?userName=zhangsan&password=&password2=&userStatus=1&userDesc=%E5%BC%A0%E4%B8%89%E8%B4%9F%E8%B4%A3%E7%B3%BB%E7%BB%9F%E7%9A%84%E5%A7%94%E4%BC%9A%E5%92%8C%E5%BC%80%E5%8F%91%E5%B7%A5%E4%BD%9C%E3%80%82&id=629ba7eb1d8944d2873ecfc6896288e7'),('b6ac9b9b1e744df0a4ab35c26e7dd929','','add','192.168.245.1','2018-01-30 14:44:21','POST','{\"roleName\":[\"OK\"],\"roleDesc\":[\"http\"]}',NULL,NULL,'/vue-admin/role?roleName=OK&roleDesc=http'),('bb96d17b36364e91aca5a0d5981d6be6','','update','192.168.245.1','2018-01-30 12:21:11','PUT','{\"roleName\":[\"超级管理员\"],\"roleDesc\":[\"所有权限\"],\"id\":[\"80f5b7ac3a8f4044bb9f6219877d185e\"]}',NULL,NULL,'/vue-admin/role?id=80f5b7ac3a8f4044bb9f6219877d185e&roleName=%E8%B6%85%E7%BA%A7%E7%AE%A1%E7%90%86%E5%91%98&roleDesc=%E6%89%80%E6%9C%89%E6%9D%83%E9%99%90'),('ca2328ead595487188da24e22093c9b8','','新增用户','192.168.245.1','2018-01-30 14:44:44','POST','{\"password\":[\"aaa\"],\"userStatus\":[\"1\"],\"password2\":[\"aaa\"],\"userDesc\":[\"sssasa\"],\"userName\":[\"aaaxxx\"],\"roleIds[]\":[\"80f5b7ac3a8f4044bb9f6219877d185e\",\"5fcd197a8eba4fc8abb77f732a65f8cc\"]}',NULL,NULL,'/vue-admin/user/add?userName=aaaxxx&password=aaa&password2=aaa&userStatus=1&userDesc=sssasa&roleIds[]=80f5b7ac3a8f4044bb9f6219877d185e&roleIds[]=5fcd197a8eba4fc8abb77f732a65f8cc'),('cebc8e6d21a44a1483fb27ff68b74ce6','','update','192.168.245.1','2018-01-30 10:46:35','PUT','{\"roleName\":[\"超级管理员\"],\"roleDesc\":[\"所有权限\"],\"id\":[\"80f5b7ac3a8f4044bb9f6219877d185e\"]}',NULL,NULL,'/vue-admin/role?id=80f5b7ac3a8f4044bb9f6219877d185e&roleName=%E8%B6%85%E7%BA%A7%E7%AE%A1%E7%90%86%E5%91%98&roleDesc=%E6%89%80%E6%9C%89%E6%9D%83%E9%99%90'),('cf69aaaf50954be39cfab901ddf4a1a2','','add','192.168.245.1','2018-01-30 14:44:13','POST','{\"roleName\":[\"普通管理员\"],\"roleDesc\":[\"xxx\"]}',NULL,NULL,'/vue-admin/role?roleName=%E6%99%AE%E9%80%9A%E7%AE%A1%E7%90%86%E5%91%98&roleDesc=xxx'),('d2d43a8cd7bf48fa8b0bbe2cd3b3a27a','','编辑用户','192.168.245.1','2018-01-30 14:30:59','PUT','{\"password\":[\"\"],\"userStatus\":[\"1\"],\"password2\":[\"\"],\"userDesc\":[\"sdfdsfdsfds\"],\"id\":[\"7f9933e41ca944d6ba1a4cb96a64d3b7\"],\"userName\":[\"frtsfdsfds\"],\"roleIds[]\":[\"71dbb93ee0f14119a86ca9d241051516\",\"80f5b7ac3a8f4044bb9f6219877d185e\",\"ee256e650d794a94a9a2d86e7d0b590c\"]}',NULL,NULL,'/vue-admin/user/edit?userName=frtsfdsfds&password=&password2=&userStatus=1&userDesc=sdfdsfdsfds&roleIds[]=71dbb93ee0f14119a86ca9d241051516&roleIds[]=80f5b7ac3a8f4044bb9f6219877d185e&roleIds[]=ee256e650d794a94a9a2d86e7d0b590c&id=7f9933e41ca944d6ba1a4cb96a64d3b7'),('d440d167e55d4104915a4f9adc6dbabd','','分配权限','192.168.245.1','2018-01-30 13:29:36','POST','{\"roleId\":[\"ee256e650d794a94a9a2d86e7d0b590c\"]}',NULL,NULL,'/vue-admin/role/doAuth?roleId=ee256e650d794a94a9a2d86e7d0b590c'),('d63309618afa4c4191ca3933144e4394','','编辑用户','192.168.245.1','2018-01-30 14:39:30','PUT','{\"password\":[\"\"],\"userStatus\":[\"0\"],\"password2\":[\"\"],\"userDesc\":[\"aaaaa\"],\"id\":[\"09c63f873a9e472ca464accb61cd5e51\"],\"userName\":[\"test\"],\"roleIds[]\":[\"71dbb93ee0f14119a86ca9d241051516\"]}',NULL,NULL,'/vue-admin/user/edit?userName=test&password=&password2=&userStatus=0&userDesc=aaaaa&roleIds[]=71dbb93ee0f14119a86ca9d241051516&id=09c63f873a9e472ca464accb61cd5e51'),('d874ea0897c44d6b8e5fceac57dfbfb6','','update','192.168.245.1','2018-01-29 12:03:45','PUT','{\"roleName\":[\"xxxl\"],\"roleDesc\":[\"xdaads\"],\"id\":[\"71dbb93ee0f14119a86ca9d241051516\"]}',NULL,NULL,'/vue-admin/role?id=71dbb93ee0f14119a86ca9d241051516&roleName=xxxl&roleDesc=xdaads'),('e70728e666124a13b39ad6459912b919','','分配权限','192.168.245.1','2018-01-30 12:21:17','POST','{\"menuIds[]\":[\"3\",\"1db9105008404a3485b6fac30dba3c0e\",\"60dda993d87647f5989c15f14f866df9\",\"686630c7cb624cc786dcdc9958971a6b\",\"b4e7232189b14cf3ba160cf7b0d3bf37\",\"a5ebf29168234406939856bc6890c86b\",\"f899f3d3baec4571b1c786717f9906fd\"],\"roleId\":[\"80f5b7ac3a8f4044bb9f6219877d185e\"]}',NULL,NULL,'/vue-admin/role/doAuth?roleId=80f5b7ac3a8f4044bb9f6219877d185e&menuIds[]=3&menuIds[]=1db9105008404a3485b6fac30dba3c0e&menuIds[]=60dda993d87647f5989c15f14f866df9&menuIds[]=686630c7cb624cc786dcdc9958971a6b&menuIds[]=b4e7232189b14cf3ba160cf7b0d3bf37&menuIds[]=a5ebf29168234406939856bc6890c86b&menuIds[]=f899f3d3baec4571b1c786717f9906fd'),('ea7f6e46ef8c49a086ca0e06c1e5e890','','分配权限','192.168.245.1','2018-01-30 12:21:35','POST','{\"menuIds[]\":[\"3\",\"1db9105008404a3485b6fac30dba3c0e\",\"60dda993d87647f5989c15f14f866df9\",\"686630c7cb624cc786dcdc9958971a6b\",\"b4e7232189b14cf3ba160cf7b0d3bf37\",\"a5ebf29168234406939856bc6890c86b\",\"f899f3d3baec4571b1c786717f9906fd\"],\"roleId\":[\"80f5b7ac3a8f4044bb9f6219877d185e\"]}',NULL,NULL,'/vue-admin/role/doAuth?roleId=80f5b7ac3a8f4044bb9f6219877d185e&menuIds[]=3&menuIds[]=1db9105008404a3485b6fac30dba3c0e&menuIds[]=60dda993d87647f5989c15f14f866df9&menuIds[]=686630c7cb624cc786dcdc9958971a6b&menuIds[]=b4e7232189b14cf3ba160cf7b0d3bf37&menuIds[]=a5ebf29168234406939856bc6890c86b&menuIds[]=f899f3d3baec4571b1c786717f9906fd'),('eafe53795d264cf19c40e70355895ddc','','delete','192.168.245.1','2018-01-29 12:04:08','DELETE','{}',NULL,NULL,'/vue-admin/role/da41a36f3a774e789402f06172f24488?null'),('efc0b1094b95463e934db158364ec673','','分配权限','192.168.245.1','2018-01-30 13:29:38','POST','{\"menuIds[]\":[\"4\",\"488ef1eff57b4827acade7c0744278ce\",\"3f26102ef0e04c3c9328cb97067cc5fa\",\"dc5f478d98ed4297a8ae638fe90df050\",\"0c9b5fc8b44b41d1871a8fc8300247ec\"],\"roleId\":[\"ee256e650d794a94a9a2d86e7d0b590c\"]}',NULL,NULL,'/vue-admin/role/doAuth?roleId=ee256e650d794a94a9a2d86e7d0b590c&menuIds[]=4&menuIds[]=488ef1eff57b4827acade7c0744278ce&menuIds[]=3f26102ef0e04c3c9328cb97067cc5fa&menuIds[]=dc5f478d98ed4297a8ae638fe90df050&menuIds[]=0c9b5fc8b44b41d1871a8fc8300247ec'),('f1f426959f2b45e98b6b597496983f89','','delete','192.168.245.1','2018-01-29 09:43:06','DELETE','{}',NULL,NULL,'/vue-admin/role/398f19bfba1d4bebb4dd159a1f72aa26?null'),('f2de5d08e8eb4369be9f549c52d78975','','编辑用户','192.168.245.1','2018-01-30 14:51:26','PUT','{\"password\":[\"\"],\"userStatus\":[\"0\"],\"password2\":[\"\"],\"userDesc\":[\"aaaaa\"],\"id\":[\"09c63f873a9e472ca464accb61cd5e51\"],\"userName\":[\"test\"]}',NULL,NULL,'/vue-admin/user/edit?userName=test&password=&password2=&userStatus=0&userDesc=aaaaa&id=09c63f873a9e472ca464accb61cd5e51'),('f47185880b2f40c8bf69fd100c25e2d4','','add','192.168.245.1','2018-01-29 11:56:50','POST','{\"roleName\":[\"你好\"],\"roleDesc\":[\"哈哈\"]}',NULL,NULL,'/vue-admin/role?roleName=%E4%BD%A0%E5%A5%BD&roleDesc=%E5%93%88%E5%93%88'),('fead0e97bcf34cf7a84c6eab94328afd','','add','192.168.245.1','2018-01-30 14:44:06','POST','{\"roleName\":[\"ewr\"],\"roleDesc\":[\"ewrew\"]}',NULL,NULL,'/vue-admin/role?roleName=ewr&roleDesc=ewrew');

/*Table structure for table `tb_menu` */

DROP TABLE IF EXISTS `tb_menu`;

CREATE TABLE `tb_menu` (
  `id` varchar(50) NOT NULL COMMENT '主键',
  `menuName` varchar(50) NOT NULL COMMENT '菜单名称',
  `pid` varchar(50) NOT NULL COMMENT '父级菜单ID',
  `url` varchar(255) DEFAULT NULL COMMENT '连接地址',
  `icon` varchar(50) DEFAULT NULL COMMENT '图标',
  `sort` int(11) DEFAULT '0' COMMENT '排序',
  `deep` int(11) DEFAULT NULL COMMENT '深度',
  `code` varchar(50) DEFAULT NULL COMMENT '编码',
  `resource` varchar(50) DEFAULT NULL COMMENT '资源名称',
  PRIMARY KEY (`id`)
) ENGINE=InnoDB DEFAULT CHARSET=utf8 COMMENT='菜单表';

/*Data for the table `tb_menu` */

insert  into `tb_menu`(`id`,`menuName`,`pid`,`url`,`icon`,`sort`,`deep`,`code`,`resource`) values ('0818e1c76bbd44eba3a698547ec4e637','查询系统设置','10',NULL,NULL,0,3,'010600','listSetting'),('0c9b5fc8b44b41d1871a8fc8300247ec','删除菜单','4',NULL,NULL,4,3,'010303','deleteMenu'),('1','系统管理','0',NULL,'fa fa-cogs',1,1,'01',NULL),('10','系统配置','1','/system/setting/page',' fa-cog',6,2,'0106','setting'),('1db9105008404a3485b6fac30dba3c0e','查看角色列表','3',NULL,NULL,0,3,'010200','listRole'),('2','用户管理','1','/system/user/list/1','fa-user-circle-o',1,2,'0101','user'),('22e38e885f9b40b9aae6a36deb78e89c','部门管理','1','/system/dept/list/1','fa-graduation-cap',4,2,'0104','dept'),('3','角色管理','1','/system/role/list/1','fa-users',2,2,'0102','role'),('363a778e78a346a68210b2590163a943','编辑部门','22e38e885f9b40b9aae6a36deb78e89c',NULL,NULL,2,3,'010402','editDept'),('3f26102ef0e04c3c9328cb97067cc5fa','创建菜单','4',NULL,NULL,1,3,'010301','addMenu'),('3fb6a7a5935b4efabf3de82e7e1baeb6','新增部门','22e38e885f9b40b9aae6a36deb78e89c',NULL,NULL,1,3,'010401','addDept'),('4','菜单管理','1','/system/menu/list/1','fa-list',3,2,'0103','menu'),('4253190001c1480fb0d631d64d150535','编辑用户','2',NULL,NULL,2,3,'010102','editUser'),('42dd5ae31e3a43b3a197440e8ec19a94','监控列表','f5a20c82110b4a3ea9e30ca01a038680',NULL,NULL,1,3,'010701','monitorList'),('488ef1eff57b4827acade7c0744278ce','查看菜单列表','4',NULL,NULL,0,3,'010300','listMenu'),('4e816a9854714d24b0413d929d637a2b','查看部门列表','22e38e885f9b40b9aae6a36deb78e89c',NULL,NULL,0,3,'010400','listDept'),('5','业务日志','1','/system/log/list/1','fa-info-circle',5,2,'0105','log'),('5bb55dd90ba44db39d6e3d7f3f316af0','类目管理','661a1f4a6ec94fa89ec6f90ce77a8eb3','#','fa-file',2,2,'0202',NULL),('5d3dd56c16ff4e32aecae1b3228159c7','查看日志列表','5',NULL,NULL,0,3,'010500','listLog'),('60dda993d87647f5989c15f14f866df9','新增角色','3',NULL,NULL,1,3,'010201','addRole'),('649b484b58414d91aefa5a26143e6557','删除用户','2',NULL,NULL,3,3,'010103','deleteUser'),('661a1f4a6ec94fa89ec6f90ce77a8eb3','商品管理','0',NULL,'fa-folder',1,1,'02',NULL),('686630c7cb624cc786dcdc9958971a6b','编辑角色','3',NULL,NULL,2,3,'010202','editRole'),('79d78b8357174cac8f44abd275dec597','删除部门','22e38e885f9b40b9aae6a36deb78e89c',NULL,NULL,3,3,'010403','deleteDept'),('915c309ebe5047b68645b3eb777dd8c9','操作系统设置','10',NULL,NULL,1,3,'010601','doSetting'),('a5ebf29168234406939856bc6890c86b','角色授权','3',NULL,NULL,4,3,'010204','authRole'),('a73802e513cc4465883530ec8074abbb','新增用户','2',NULL,NULL,1,3,'010101','addUser'),('b1487b113b324e79b7fbadbe28660349','采购管理','0',NULL,'fa-folder',3,1,'03',NULL),('b4e7232189b14cf3ba160cf7b0d3bf37','删除角色','3',NULL,NULL,3,3,'010203','deleteRole'),('d2bc30feb5474a1bb7e02d48d39a3f8a','查看用户列表','2',NULL,NULL,0,3,'010100','listUser'),('dc5f478d98ed4297a8ae638fe90df050','编辑菜单','4',NULL,NULL,3,3,'010302','editMenu'),('e0ff3505df7c4aff87c60bb510c6d274','仓库管理','0',NULL,'fa-folder',4,1,'04',NULL),('f5a20c82110b4a3ea9e30ca01a038680','系统监控','1','/system/monitor/list','fa-eye',7,2,'0107',NULL),('f899f3d3baec4571b1c786717f9906fd','批量删除角色','3',NULL,NULL,5,3,'010205','deleteBatchRole'),('f8db3e5b12d04a46b07026e2828791fc','SPU管理','661a1f4a6ec94fa89ec6f90ce77a8eb3','#','fa-file',1,2,'0201',NULL);

/*Table structure for table `tb_role` */

DROP TABLE IF EXISTS `tb_role`;

CREATE TABLE `tb_role` (
  `id` varchar(50) NOT NULL COMMENT '逐渐',
  `roleName` varchar(50) DEFAULT NULL COMMENT '角色名称',
  `roleDesc` varchar(300) DEFAULT NULL COMMENT '角色描述',
  PRIMARY KEY (`id`)
) ENGINE=InnoDB DEFAULT CHARSET=utf8;

/*Data for the table `tb_role` */

insert  into `tb_role`(`id`,`roleName`,`roleDesc`) values ('39e96f01bdd1413a9b19c7054a9c763b','ewr','ewrew'),('5fcd197a8eba4fc8abb77f732a65f8cc','普通管理员','xxx'),('65449f5c8c6a4e76938227ca1b3ff4b4','OK','http'),('80f5b7ac3a8f4044bb9f6219877d185e','超级管理员','所有权限'),('ee256e650d794a94a9a2d86e7d0b590c','你好','哈哈');

/*Table structure for table `tb_role_menu` */

DROP TABLE IF EXISTS `tb_role_menu`;

CREATE TABLE `tb_role_menu` (
  `id` varchar(50) NOT NULL COMMENT '主键',
  `roleId` varchar(50) NOT NULL COMMENT '角色主键',
  `menuId` varchar(50) NOT NULL COMMENT '菜单主键',
  PRIMARY KEY (`id`)
) ENGINE=InnoDB DEFAULT CHARSET=utf8 COMMENT='角色菜单关联表';

/*Data for the table `tb_role_menu` */

insert  into `tb_role_menu`(`id`,`roleId`,`menuId`) values ('008634c5d3de4006851d03d9608fdd27','5fcd197a8eba4fc8abb77f732a65f8cc','dc5f478d98ed4297a8ae638fe90df050'),('0150ec7220484b0197ecf880e357f495','39e96f01bdd1413a9b19c7054a9c763b','5'),('028c2f598cc345eab3ecbb466608355f','39e96f01bdd1413a9b19c7054a9c763b','0818e1c76bbd44eba3a698547ec4e637'),('02bcfa7b7e194ca9879f4919bbd8978c','39e96f01bdd1413a9b19c7054a9c763b','5d3dd56c16ff4e32aecae1b3228159c7'),('02c03433236b4ccf918762bd16dd807a','71dbb93ee0f14119a86ca9d241051516','2'),('092f834530c74ea8aff21a80e0c40125','39e96f01bdd1413a9b19c7054a9c763b','3'),('0bde31e3bb764d808c4160fd857ee855','5fcd197a8eba4fc8abb77f732a65f8cc','5d3dd56c16ff4e32aecae1b3228159c7'),('0d8d735e21514314a29b8585cd6d89c1','5fcd197a8eba4fc8abb77f732a65f8cc','79d78b8357174cac8f44abd275dec597'),('0d92cc282e8743d29a7340b58687c76e','5fcd197a8eba4fc8abb77f732a65f8cc','a73802e513cc4465883530ec8074abbb'),('0ea05b3c393847f8837a5f9bd52f42ea','39e96f01bdd1413a9b19c7054a9c763b','a5ebf29168234406939856bc6890c86b'),('0f23a98faeff41b7bed70ff43d8cd118','5fcd197a8eba4fc8abb77f732a65f8cc','1db9105008404a3485b6fac30dba3c0e'),('11b4e551946b410ea63418bf38681961','39e96f01bdd1413a9b19c7054a9c763b','42dd5ae31e3a43b3a197440e8ec19a94'),('136a5ffed5864dec8f05ef5314a87755','xxx','3'),('17338229a1494ff792366327869bfbb9','5fcd197a8eba4fc8abb77f732a65f8cc','42dd5ae31e3a43b3a197440e8ec19a94'),('173b039b504d40bca050a5b7ceb800de','5fcd197a8eba4fc8abb77f732a65f8cc','0c9b5fc8b44b41d1871a8fc8300247ec'),('17f382d8495843f5a245a13a2e1444f2','39e96f01bdd1413a9b19c7054a9c763b','4'),('1d4baba8ca9548b4b9bf3fbe1c178f69','39e96f01bdd1413a9b19c7054a9c763b','4e816a9854714d24b0413d929d637a2b'),('1e2d7c23361544239c97b3713ce5ba70','39e96f01bdd1413a9b19c7054a9c763b','649b484b58414d91aefa5a26143e6557'),('1e32a70493154a6ab0c2cc3c5b260423','5fcd197a8eba4fc8abb77f732a65f8cc','915c309ebe5047b68645b3eb777dd8c9'),('20b1aad63b6c40f393f25770fdda5a41','xxx','f899f3d3baec4571b1c786717f9906fd'),('252ff6559fe545b1848103f04c617f45','39e96f01bdd1413a9b19c7054a9c763b','1'),('2ceb9ec40403424cb2153810cffd4bac','xxx','a73802e513cc4465883530ec8074abbb'),('2ebe97f1bf374c239f86527f43b7e35e','xxx','dc5f478d98ed4297a8ae638fe90df050'),('3043afd821aa4ee88d757ab2f5350fec','5fcd197a8eba4fc8abb77f732a65f8cc','686630c7cb624cc786dcdc9958971a6b'),('3154b0c04a2a49ec9efde4a547bc1921','39e96f01bdd1413a9b19c7054a9c763b','d2bc30feb5474a1bb7e02d48d39a3f8a'),('32de17058ec54460a639556a085b7760','5fcd197a8eba4fc8abb77f732a65f8cc','3fb6a7a5935b4efabf3de82e7e1baeb6'),('3802d03b8ffd4bb19ca5fbcb4493120b','5fcd197a8eba4fc8abb77f732a65f8cc','649b484b58414d91aefa5a26143e6557'),('387622f2da824b999291eb76126c97a7','xxx','5d3dd56c16ff4e32aecae1b3228159c7'),('3950f17c253e46f1b2e14ae3d6d0d630','5fcd197a8eba4fc8abb77f732a65f8cc','488ef1eff57b4827acade7c0744278ce'),('3b72f7a06311489aab0357a7e496f580','39e96f01bdd1413a9b19c7054a9c763b','f899f3d3baec4571b1c786717f9906fd'),('3c44711c25744cb185e810d00c4c6705','5fcd197a8eba4fc8abb77f732a65f8cc','3f26102ef0e04c3c9328cb97067cc5fa'),('3e666ef5304f4851b5f37d28a9871440','5fcd197a8eba4fc8abb77f732a65f8cc','22e38e885f9b40b9aae6a36deb78e89c'),('4925aefae6a34a11ab7a85959826f3b1','xxx','b4e7232189b14cf3ba160cf7b0d3bf37'),('4f4337f280774222a64af11cc12d79c2','39e96f01bdd1413a9b19c7054a9c763b','915c309ebe5047b68645b3eb777dd8c9'),('524c3fc35258412d9ffdca4979d12281','5fcd197a8eba4fc8abb77f732a65f8cc','a5ebf29168234406939856bc6890c86b'),('5334157641a54c2882c46feefa2588df','xxx','1db9105008404a3485b6fac30dba3c0e'),('53abc94fa1f24f35b424c4b96366fdd9','39e96f01bdd1413a9b19c7054a9c763b','2'),('552d2e6585644462928118bf1c663af6','80f5b7ac3a8f4044bb9f6219877d185e','a5ebf29168234406939856bc6890c86b'),('58b62f85c5df457aab9a0bb0a2af6d18','39e96f01bdd1413a9b19c7054a9c763b','22e38e885f9b40b9aae6a36deb78e89c'),('5998dfd56e3e43f681f187014fb3b6ff','ee256e650d794a94a9a2d86e7d0b590c','4'),('59d25c954cb0449b8363a35086d8b0fd','5fcd197a8eba4fc8abb77f732a65f8cc','4253190001c1480fb0d631d64d150535'),('5c77588216f94944a74dff3481a84a8b','xxx','915c309ebe5047b68645b3eb777dd8c9'),('5d379bd1d1c64948bad71670adf6d744','xxx','649b484b58414d91aefa5a26143e6557'),('5d852edd8fb444ff8e06aa555dab6167','5fcd197a8eba4fc8abb77f732a65f8cc','4e816a9854714d24b0413d929d637a2b'),('5e1d857caea7492782b1ddc54d4cbe08','80f5b7ac3a8f4044bb9f6219877d185e','60dda993d87647f5989c15f14f866df9'),('5ffee8b3f6fd4d578bb0729c2407087f','5fcd197a8eba4fc8abb77f732a65f8cc','4'),('618aaf4bf8ac422ca0bf66c60a9271f3','xxx','22e38e885f9b40b9aae6a36deb78e89c'),('632e157d40a8439ab4488f40848523fd','xxx','a5ebf29168234406939856bc6890c86b'),('67c232ec193b4e90a583f268c573b2e1','39e96f01bdd1413a9b19c7054a9c763b','4253190001c1480fb0d631d64d150535'),('67fffa708ec3453e94c9c87c39fd484c','5fcd197a8eba4fc8abb77f732a65f8cc','1'),('68343ec4099b4adfb209b84383cb145a','ee256e650d794a94a9a2d86e7d0b590c','3f26102ef0e04c3c9328cb97067cc5fa'),('6bf33ea491bc4b2dbf9597ca7993b827','39e96f01bdd1413a9b19c7054a9c763b','488ef1eff57b4827acade7c0744278ce'),('6c552854c5f049d9a11dbd8dbe4cec2d','ee256e650d794a94a9a2d86e7d0b590c','488ef1eff57b4827acade7c0744278ce'),('7ab696670fc545f18cdb4fab323bd8e1','39e96f01bdd1413a9b19c7054a9c763b','0c9b5fc8b44b41d1871a8fc8300247ec'),('815596bf1dd0406cbe4f7879b8a56f3d','xxx','4'),('85607c89ebae4ff2a93c044fbdc6df99','5fcd197a8eba4fc8abb77f732a65f8cc','d2bc30feb5474a1bb7e02d48d39a3f8a'),('880cbc178f234530878db51111aeb57e','ee256e650d794a94a9a2d86e7d0b590c','0c9b5fc8b44b41d1871a8fc8300247ec'),('8f1d61576e314e52acdc2eb98b89e3d8','39e96f01bdd1413a9b19c7054a9c763b','f5a20c82110b4a3ea9e30ca01a038680'),('94a1b7dbfb9f4e0aa0d07b93d507aecf','xxx','1'),('94ca2f5f7ab9485a80101c3366d9ed68','xxx','488ef1eff57b4827acade7c0744278ce'),('95d43ffc57f046a7888ffe9c209d30d2','xxx','0818e1c76bbd44eba3a698547ec4e637'),('98aab0dece44411eb6adb947050238d3','80f5b7ac3a8f4044bb9f6219877d185e','686630c7cb624cc786dcdc9958971a6b'),('98dd1e168c05469abde9048a302166cd','xxx','10'),('9a56e1c031a2475a967bc5b373f926d2','xxx','79d78b8357174cac8f44abd275dec597'),('a0887f710ffd4ced9557d70d4e6e17a0','80f5b7ac3a8f4044bb9f6219877d185e','1db9105008404a3485b6fac30dba3c0e'),('a1441ad93ef84cb5ad149358e220217e','39e96f01bdd1413a9b19c7054a9c763b','3f26102ef0e04c3c9328cb97067cc5fa'),('a1ba3c5c935c4fad9106eeca66aecf5f','39e96f01bdd1413a9b19c7054a9c763b','dc5f478d98ed4297a8ae638fe90df050'),('a3743ea29b544073ae28d1836154fdfc','80f5b7ac3a8f4044bb9f6219877d185e','3'),('a4326244c60f4cf4bb8fea0584e94916','5fcd197a8eba4fc8abb77f732a65f8cc','10'),('a574d699acf84589b4973e78a5f1bd8e','39e96f01bdd1413a9b19c7054a9c763b','686630c7cb624cc786dcdc9958971a6b'),('a6741c7c1e2a49d0873c8c4585a2e967','5fcd197a8eba4fc8abb77f732a65f8cc','60dda993d87647f5989c15f14f866df9'),('a927d8fee1d34a088e80f72df64f004c','xxx','2'),('aaf442ee7ecb415fb5a44cc5f75be579','xxx','60dda993d87647f5989c15f14f866df9'),('ab9447d5c98046fb99372a816a1ca2b7','xxx','5'),('ac650f82f54649e5ac13fa9aec030fec','71dbb93ee0f14119a86ca9d241051516','4253190001c1480fb0d631d64d150535'),('b26ce3c99a6e4f3e9d9a24337a11d446','5fcd197a8eba4fc8abb77f732a65f8cc','3'),('b2a6ed35f5f146c59de82389f20ef944','xxx','3f26102ef0e04c3c9328cb97067cc5fa'),('b407dde5d0514e3a871389ca5298466f','80f5b7ac3a8f4044bb9f6219877d185e','f899f3d3baec4571b1c786717f9906fd'),('b943c26488cc4668942eb508139aa7ce','39e96f01bdd1413a9b19c7054a9c763b','b4e7232189b14cf3ba160cf7b0d3bf37'),('bc11fa0c53e24838af9a9345b696be3f','xxx','4e816a9854714d24b0413d929d637a2b'),('bd4047b9426549ec9e85a809389af312','5fcd197a8eba4fc8abb77f732a65f8cc','b4e7232189b14cf3ba160cf7b0d3bf37'),('be3b4c1092474f698b2ec5be69072a32','5fcd197a8eba4fc8abb77f732a65f8cc','5'),('be4e980b367f46d1bdeee2f0bee739aa','39e96f01bdd1413a9b19c7054a9c763b','1db9105008404a3485b6fac30dba3c0e'),('bef7dbc42ef045b694277510bd7a6888','xxx','d2bc30feb5474a1bb7e02d48d39a3f8a'),('c37d36b3ad63403aa2a78dcbb0bc10e5','xxx','f5a20c82110b4a3ea9e30ca01a038680'),('c4a5f6ec279f4eb591668952d6f7c311','5fcd197a8eba4fc8abb77f732a65f8cc','2'),('c6621725746d46ab9d2a5af07ce2a4a4','xxx','363a778e78a346a68210b2590163a943'),('c6befdb417764e2fa8b87ecdf28932e5','ee256e650d794a94a9a2d86e7d0b590c','dc5f478d98ed4297a8ae638fe90df050'),('c91b5bde5a5b498c84ed2479fc1e1f87','71dbb93ee0f14119a86ca9d241051516','a73802e513cc4465883530ec8074abbb'),('c9b92c94fc694bd88b1732cf9609f757','5fcd197a8eba4fc8abb77f732a65f8cc','f899f3d3baec4571b1c786717f9906fd'),('ca4a90424af44571ad59e91fee3a8146','39e96f01bdd1413a9b19c7054a9c763b','10'),('d22ea8520f114b738db113598728cd05','xxx','42dd5ae31e3a43b3a197440e8ec19a94'),('d254a194f93d4446992a7b2131e3d350','39e96f01bdd1413a9b19c7054a9c763b','3fb6a7a5935b4efabf3de82e7e1baeb6'),('d5ed824ca67f4117aa1ec5e168be4507','39e96f01bdd1413a9b19c7054a9c763b','60dda993d87647f5989c15f14f866df9'),('da6f2dad9897432bb91d5339fa4165cf','5fcd197a8eba4fc8abb77f732a65f8cc','0818e1c76bbd44eba3a698547ec4e637'),('de0f5471d8f149858a6ec0c8d14cc88c','80f5b7ac3a8f4044bb9f6219877d185e','b4e7232189b14cf3ba160cf7b0d3bf37'),('deb1ef34148e4dbeb901eb45210d8e5c','5fcd197a8eba4fc8abb77f732a65f8cc','f5a20c82110b4a3ea9e30ca01a038680'),('df2f559db44a48d0879e11f3500678d4','39e96f01bdd1413a9b19c7054a9c763b','a73802e513cc4465883530ec8074abbb'),('e6d5caed25d04095b3dc04acf52ee77d','71dbb93ee0f14119a86ca9d241051516','d2bc30feb5474a1bb7e02d48d39a3f8a'),('ed0c36703a4246298bdba6550432a683','39e96f01bdd1413a9b19c7054a9c763b','363a778e78a346a68210b2590163a943'),('f281fda497ef42008f5893686165e95b','xxx','686630c7cb624cc786dcdc9958971a6b'),('f37b7b2ddaba4dc284787a3b51d7388d','39e96f01bdd1413a9b19c7054a9c763b','79d78b8357174cac8f44abd275dec597'),('fa32f19f5811460c9d3851bd44c730b3','xxx','0c9b5fc8b44b41d1871a8fc8300247ec'),('fa475d5976004503a32d86aa38957388','xxx','4253190001c1480fb0d631d64d150535'),('faba970118694c85b9c7efa0f43021a8','5fcd197a8eba4fc8abb77f732a65f8cc','363a778e78a346a68210b2590163a943'),('fabb82e28aff4a2fb296def14712859c','xxx','3fb6a7a5935b4efabf3de82e7e1baeb6'),('fde0d756d8ff441c8ce1153753acbe72','71dbb93ee0f14119a86ca9d241051516','649b484b58414d91aefa5a26143e6557');

/*Table structure for table `tb_user` */

DROP TABLE IF EXISTS `tb_user`;

CREATE TABLE `tb_user` (
  `id` varchar(50) NOT NULL COMMENT '主键',
  `userName` varchar(50) NOT NULL COMMENT '用户名',
  `password` varchar(50) NOT NULL COMMENT '密码',
  `createTime` datetime DEFAULT NULL COMMENT '创建时间',
  `userDesc` varchar(300) DEFAULT NULL COMMENT '描述',
  `userStatus` int(1) DEFAULT '1' COMMENT '状态,1-启用,0-禁用',
  PRIMARY KEY (`id`)
) ENGINE=InnoDB DEFAULT CHARSET=utf8;

/*Data for the table `tb_user` */

insert  into `tb_user`(`id`,`userName`,`password`,`createTime`,`userDesc`,`userStatus`) values ('09c63f873a9e472ca464accb61cd5e51','test','','2016-12-12 15:50:39','aaaaa',0),('21f196723b47415e8042e34f2bffa3e2','aaaaa','123','2018-01-30 13:42:14','dasdasdasdsa',1),('22b9f1ba85364bf08418a7fcf3c8214b','dsadsa','','2018-01-28 13:46:46','dasdsadas',1),('629ba7eb1d8944d2873ecfc6896288e7','zhangsan','','2016-12-12 11:49:21','张三负责系统的委会和开发工作。',1),('7f9933e41ca944d6ba1a4cb96a64d3b7','frtsfdsfds','698D51A19D8A121CE581499D7B701668','2018-01-30 14:07:48','sdfdsfdsfdsrewrewrew',1),('9cb7a91435f1487cad0e9699972cb4e6','dsf','A702955BABD0E0C9BDCF176C13B60A1F','2018-01-30 12:22:11','fdsfdsfdsfdfdsfd',1),('e986ee99cfb240b882b6b894f6b32e90','aaaxxx','47BCE5C74F589F4867DBD57E9CA9F808','2018-01-30 14:44:44','sssasa',1);

/*Table structure for table `tb_user_role` */

DROP TABLE IF EXISTS `tb_user_role`;

CREATE TABLE `tb_user_role` (
  `Id` varchar(50) NOT NULL COMMENT '主键',
  `userId` varchar(50) NOT NULL COMMENT '用户主键',
  `roleId` varchar(50) NOT NULL COMMENT '角色主键',
  PRIMARY KEY (`Id`)
) ENGINE=InnoDB DEFAULT CHARSET=utf8 COMMENT='用户角色关联表';

/*Data for the table `tb_user_role` */

insert  into `tb_user_role`(`Id`,`userId`,`roleId`) values ('05598a6a4c6d41a7b8ec4c8ff7510e72','9cb7a91435f1487cad0e9699972cb4e6','ee256e650d794a94a9a2d86e7d0b590c'),('12955254275447b88aee75f1a644401a','7f9933e41ca944d6ba1a4cb96a64d3b7','ee256e650d794a94a9a2d86e7d0b590c'),('5d5c875067d341c2b42a847d0243ee49','7f9933e41ca944d6ba1a4cb96a64d3b7','80f5b7ac3a8f4044bb9f6219877d185e'),('661e08fa6e814170b500a23d4bec1219','09c63f873a9e472ca464accb61cd5e51','5fcd197a8eba4fc8abb77f732a65f8cc'),('73663bd1d7c54446892cdc7c53ca7de5','21f196723b47415e8042e34f2bffa3e2','80f5b7ac3a8f4044bb9f6219877d185e'),('981c547ade65493fbc542d82ee0c24b0','21f196723b47415e8042e34f2bffa3e2','ee256e650d794a94a9a2d86e7d0b590c'),('9d99b469f70f48b58f5e21c62a883ea2','e986ee99cfb240b882b6b894f6b32e90','65449f5c8c6a4e76938227ca1b3ff4b4'),('a688ff2acacb43f88dc374f3bd730b87','e986ee99cfb240b882b6b894f6b32e90','5fcd197a8eba4fc8abb77f732a65f8cc'),('bb15a112a4954aacba946d03a4c0fc06','e986ee99cfb240b882b6b894f6b32e90','80f5b7ac3a8f4044bb9f6219877d185e'),('c4e65a74b5f44f64a43394d655d039c1','7f9933e41ca944d6ba1a4cb96a64d3b7','71dbb93ee0f14119a86ca9d241051516');

/*!40101 SET SQL_MODE=@OLD_SQL_MODE */;
/*!40014 SET FOREIGN_KEY_CHECKS=@OLD_FOREIGN_KEY_CHECKS */;
/*!40014 SET UNIQUE_CHECKS=@OLD_UNIQUE_CHECKS */;
/*!40111 SET SQL_NOTES=@OLD_SQL_NOTES */;
